Customer,Quarter,Purchase,Order_Quantity
1,1,1,285.46
1,2,1,363.88
1,3,1,305.86
1,4,1,260.63
1,5,0,0
1,6,0,0
1,7,0,0
1,8,0,0
1,9,0,0
1,10,0,0
1,11,0,0
1,12,0,0
2,1,1,87.63
2,2,0,0
2,3,0,0
2,4,0,0
2,5,0,0
2,6,0,0
2,7,0,0
2,8,0,0
2,9,0,0
2,10,0,0
2,11,0,0
2,12,1,121.87
3,1,1,356.8
3,2,0,0
3,3,0,0
3,4,0,0
3,5,0,0
3,6,1,137.55
3,7,0,0
3,8,0,0
3,9,0,0
3,10,0,0
3,11,0,0
3,12,0,0
4,1,1,189.58
4,2,1,170.17
4,3,1,223.97
4,4,1,289.85
4,5,1,301.04
4,6,1,387.55
4,7,1,330.88
4,8,1,266.23
4,9,1,212.15
4,10,1,202.19
4,11,1,151.32
4,12,0,0
5,1,1,226.79
5,2,1,246.17
5,3,1,179.67
5,4,1,304.01
5,5,1,257.96
5,6,1,395.35
5,7,1,327.98
5,8,1,438.15
5,9,1,248.8
5,10,1,324.17
5,11,1,263.43
5,12,1,245.5
6,1,1,243.49
6,2,1,310.22
6,3,1,207.27
6,4,1,236.93
6,5,1,294.79
6,6,1,277.93
6,7,1,226.84
6,8,1,355.58
6,9,1,277.08
6,10,1,211.01
6,11,1,327.22
6,12,1,421.65
7,1,1,99.5
7,2,0,0
7,3,0,0
7,4,0,0
7,5,0,0
7,6,0,0
7,7,0,0
7,8,0,0
7,9,0,0
7,10,0,0
7,11,0,0
7,12,0,0
8,1,1,151.52
8,2,0,0
8,3,1,55.97
8,4,0,0
8,5,0,0
8,6,0,0
8,7,0,0
8,8,0,0
8,9,0,0
8,10,0,0
8,11,0,0
8,12,0,0
9,1,1,300.61
9,2,1,409.04
9,3,1,210.86
9,4,0,0
9,5,0,0
9,6,0,0
9,7,0,0
9,8,0,0
9,9,0,0
9,10,0,0
9,11,0,0
9,12,0,0
10,1,1,202.56
10,2,1,234.78
10,3,1,355.47
10,4,1,210.75
10,5,1,231.36
10,6,1,199.1
10,7,1,259.73
10,8,1,277.79
10,9,1,226.11
10,10,1,213.61
10,11,0,0
10,12,0,0
11,1,1,138.68
11,2,1,195.29
11,3,1,223.1
11,4,1,257.63
11,5,1,227.28
11,6,1,355.99
11,7,1,465.35
11,8,1,440.88
11,9,1,272.45
11,10,1,230.23
11,11,1,268.44
11,12,0,0
12,1,1,128.15
12,2,1,152.88
12,3,1,176.2
12,4,1,172.01
12,5,1,206.16
12,6,0,0
12,7,0,0
12,8,0,0
12,9,0,0
12,10,0,0
12,11,0,0
12,12,0,0
13,1,1,207.44
13,2,1,229.66
13,3,1,305.24
13,4,1,234.77
13,5,1,329.94
13,6,1,258.95
13,7,1,395.69
13,8,1,323.99
13,9,1,249.92
13,10,1,196.63
13,11,1,206.36
13,12,1,144.37
14,1,1,216.4
14,2,1,258.19
14,3,1,240.57
14,4,1,192.53
14,5,1,272.18
14,6,1,354.94
14,7,1,276.17
14,8,1,167.19
14,9,1,231.12
14,10,1,192.45
14,11,1,141.61
14,12,0,0
15,1,1,282.3
15,2,1,248.51
15,3,0,0
15,4,0,0
15,5,0,0
15,6,0,0
15,7,0,0
15,8,0,0
15,9,0,0
15,10,0,0
15,11,0,0
15,12,0,0
16,1,1,115.64
16,2,0,0
16,3,0,0
16,4,0,0
16,5,0,0
16,6,0,0
16,7,1,122.91
16,8,0,0
16,9,0,0
16,10,0,0
16,11,0,0
16,12,0,0
17,1,1,150.3
17,2,0,0
17,3,0,0
17,4,0,0
17,5,0,0
17,6,0,0
17,7,0,0
17,8,0,0
17,9,0,0
17,10,0,0
17,11,0,0
17,12,0,0
18,1,1,204.74
18,2,0,0
18,3,0,0
18,4,0,0
18,5,0,0
18,6,0,0
18,7,0,0
18,8,0,0
18,9,0,0
18,10,0,0
18,11,0,0
18,12,0,0
19,1,1,193.66
19,2,0,0
19,3,1,103.67
19,4,1,188.9
19,5,0,0
19,6,0,0
19,7,0,0
19,8,0,0
19,9,0,0
19,10,0,0
19,11,0,0
19,12,0,0
20,1,1,96.35
20,2,0,0
20,3,1,139.88
20,4,1,165.28
20,5,1,211.86
20,6,1,296.25
20,7,1,273.56
20,8,0,0
20,9,0,0
20,10,0,0
20,11,0,0
20,12,0,0
21,1,1,301.43
21,2,1,381.47
21,3,1,265.15
21,4,1,209.64
21,5,1,187.2
21,6,1,193.99
21,7,0,0
21,8,0,0
21,9,0,0
21,10,0,0
21,11,0,0
21,12,0,0
22,1,1,307.99
22,2,1,439.27
22,3,1,346.69
22,4,1,488.14
22,5,1,578.92
22,6,1,344.33
22,7,1,340.48
22,8,1,192.44
22,9,1,244.09
22,10,1,262.52
22,11,1,228.2
22,12,0,0
23,1,1,272.67
23,2,1,158.15
23,3,1,227.31
23,4,1,190.08
23,5,0,0
23,6,0,0
23,7,0,0
23,8,0,0
23,9,0,0
23,10,0,0
23,11,0,0
23,12,0,0
24,1,1,206.05
24,2,1,136.47
24,3,1,171.33
24,4,1,234.95
24,5,1,252.04
24,6,1,254.67
24,7,1,147.53
24,8,1,207.44
24,9,1,225.53
24,10,1,212.67
24,11,1,199.14
24,12,1,203.71
25,1,1,217.07
25,2,1,214.58
25,3,1,210.3
25,4,1,140.85
25,5,0,0
25,6,0,0
25,7,0,0
25,8,0,0
25,9,0,0
25,10,0,0
25,11,0,0
25,12,0,0
26,1,1,297.18
26,2,1,439.22
26,3,1,253.57
26,4,1,227.4
26,5,1,225.27
26,6,1,247.12
26,7,0,0
26,8,0,0
26,9,0,0
26,10,0,0
26,11,0,0
26,12,0,0
27,1,1,296.1
27,2,1,288.53
27,3,1,271.3
27,4,0,0
27,5,0,0
27,6,0,0
27,7,0,0
27,8,0,0
27,9,0,0
27,10,0,0
27,11,0,0
27,12,0,0
28,1,1,215.01
28,2,0,0
28,3,0,0
28,4,0,0
28,5,0,0
28,6,0,0
28,7,0,0
28,8,0,0
28,9,0,0
28,10,0,0
28,11,0,0
28,12,1,96.48
29,1,1,270.45
29,2,1,279.84
29,3,1,403.64
29,4,1,294.99
29,5,1,259.7
29,6,1,216.16
29,7,1,251.49
29,8,1,196.98
29,9,1,163.96
29,10,1,222.23
29,11,1,338.11
29,12,0,0
30,1,1,176.9
30,2,1,207.13
30,3,1,233.34
30,4,1,357.6
30,5,1,244.32
30,6,1,278.78
30,7,1,344.2
30,8,1,300.87
30,9,1,230.43
30,10,1,228.74
30,11,0,0
30,12,0,0
31,1,1,204.96
31,2,1,258.7
31,3,1,228.53
31,4,1,225.61
31,5,1,163.44
31,6,1,109.92
31,7,0,0
31,8,0,0
31,9,0,0
31,10,0,0
31,11,0,0
31,12,0,0
32,1,1,226.92
32,2,1,235.66
32,3,1,209.47
32,4,1,214.79
32,5,0,0
32,6,0,0
32,7,0,0
32,8,0,0
32,9,0,0
32,10,0,0
32,11,0,0
32,12,0,0
33,1,1,158.23
33,2,0,0
33,3,0,0
33,4,0,0
33,5,0,0
33,6,0,0
33,7,0,0
33,8,0,0
33,9,1,161.14
33,10,1,190.32
33,11,1,207.43
33,12,1,241.41
34,1,1,313.27
34,2,1,189.28
34,3,1,188.24
34,4,1,156.36
34,5,1,148.08
34,6,1,254.92
34,7,1,326.25
34,8,1,265.58
34,9,1,357.63
34,10,0,0
34,11,0,0
34,12,0,0
35,1,1,226.16
35,2,1,242.82
35,3,1,251.97
35,4,1,283.08
35,5,1,389.57
35,6,1,337.04
35,7,1,182.79
35,8,1,218.82
35,9,0,0
35,10,0,0
35,11,0,0
35,12,0,0
36,1,1,160.34
36,2,1,167.49
36,3,1,284.62
36,4,1,282.54
36,5,1,355.98
36,6,1,215.06
36,7,1,337.76
36,8,1,345.86
36,9,1,293.99
36,10,1,253.58
36,11,1,252.98
36,12,1,356.53
37,1,1,303.99
37,2,1,172.6
37,3,0,0
37,4,0,0
37,5,0,0
37,6,0,0
37,7,0,0
37,8,0,0
37,9,0,0
37,10,0,0
37,11,0,0
37,12,0,0
38,1,1,180.01
38,2,1,228.34
38,3,0,0
38,4,0,0
38,5,0,0
38,6,0,0
38,7,0,0
38,8,0,0
38,9,0,0
38,10,0,0
38,11,0,0
38,12,0,0
39,1,1,155.86
39,2,1,164.23
39,3,1,303.89
39,4,1,229.61
39,5,1,154.1
39,6,1,265.04
39,7,1,198.84
39,8,1,166.65
39,9,1,193.05
39,10,1,248.98
39,11,1,222.75
39,12,1,144.4
40,1,1,268.59
40,2,1,388.68
40,3,1,280.84
40,4,1,314.72
40,5,1,255.75
40,6,1,259.45
40,7,1,218.73
40,8,1,201.91
40,9,1,189.83
40,10,0,0
40,11,0,0
40,12,0,0
41,1,1,175.66
41,2,1,186.84
41,3,1,262.86
41,4,1,355.65
41,5,1,327.53
41,6,1,194.92
41,7,1,191.31
41,8,1,175.91
41,9,1,283.91
41,10,1,368.47
41,11,1,212.52
41,12,0,0
42,1,1,214.27
42,2,1,193.13
42,3,1,307.19
42,4,1,330.11
42,5,1,299.63
42,6,1,292.42
42,7,1,213.21
42,8,1,231.29
42,9,1,226.4
42,10,1,255.34
42,11,1,192.17
42,12,0,0
43,1,1,212.12
43,2,1,196.53
43,3,0,0
43,4,0,0
43,5,0,0
43,6,1,132.9
43,7,1,271.42
43,8,1,253.06
43,9,1,235.09
43,10,1,234.97
43,11,1,357.66
43,12,1,357.87
44,1,1,230.98
44,2,1,171.65
44,3,1,221.26
44,4,1,223.74
44,5,0,0
44,6,0,0
44,7,0,0
44,8,0,0
44,9,0,0
44,10,0,0
44,11,0,0
44,12,0,0
45,1,1,286.71
45,2,0,0
45,3,0,0
45,4,0,0
45,5,0,0
45,6,1,126
45,7,1,196.26
45,8,1,222.07
45,9,1,303.46
45,10,1,275.65
45,11,1,240.68
45,12,1,385.65
46,1,1,321.67
46,2,0,0
46,3,0,0
46,4,0,0
46,5,0,0
46,6,0,0
46,7,0,0
46,8,1,170
46,9,1,300.43
46,10,1,262.97
46,11,1,426.39
46,12,1,574.2
47,1,1,151.89
47,2,1,180.78
47,3,0,0
47,4,0,0
47,5,0,0
47,6,0,0
47,7,0,0
47,8,0,0
47,9,0,0
47,10,1,152.63
47,11,1,186.57
47,12,1,185.25
48,1,1,90.1
48,2,1,222.03
48,3,1,198.59
48,4,0,0
48,5,0,0
48,6,0,0
48,7,0,0
48,8,0,0
48,9,0,0
48,10,0,0
48,11,0,0
48,12,0,0
49,1,1,113.1
49,2,0,0
49,3,0,0
49,4,0,0
49,5,0,0
49,6,0,0
49,7,0,0
49,8,0,0
49,9,0,0
49,10,0,0
49,11,0,0
49,12,0,0
50,1,1,214.06
50,2,1,165.84
50,3,0,0
50,4,0,0
50,5,0,0
50,6,0,0
50,7,0,0
50,8,0,0
50,9,0,0
50,10,0,0
50,11,0,0
50,12,0,0
51,1,1,194.03
51,2,1,297.14
51,3,1,176.05
51,4,1,303.53
51,5,1,227.99
51,6,0,0
51,7,0,0
51,8,0,0
51,9,0,0
51,10,0,0
51,11,0,0
51,12,1,145.92
52,1,1,196.81
52,2,1,205.8
52,3,0,0
52,4,1,134.45
52,5,1,214.41
52,6,1,240.55
52,7,1,138.21
52,8,1,289.94
52,9,1,231.58
52,10,1,343.19
52,11,1,474.7
52,12,1,301.39
53,1,1,266.36
53,2,1,256.5
53,3,0,0
53,4,0,0
53,5,0,0
53,6,0,0
53,7,0,0
53,8,0,0
53,9,0,0
53,10,0,0
53,11,0,0
53,12,1,84.34
54,1,1,266.33
54,2,1,361.73
54,3,1,280.42
54,4,1,330.87
54,5,1,442.81
54,6,1,285.98
54,7,1,404.27
54,8,1,420.59
54,9,1,339.85
54,10,1,281.45
54,11,1,275.96
54,12,1,235.52
55,1,1,57.25
55,2,1,196.81
55,3,1,288.83
55,4,1,249.08
55,5,1,220.85
55,6,1,327.69
55,7,1,415.81
55,8,1,504.25
55,9,1,253.92
55,10,0,0
55,11,0,0
55,12,1,84.59
56,1,1,108.04
56,2,1,245.31
56,3,0,0
56,4,0,0
56,5,0,0
56,6,0,0
56,7,0,0
56,8,0,0
56,9,0,0
56,10,0,0
56,11,0,0
56,12,0,0
57,1,1,144.11
57,2,1,246.66
57,3,1,362.12
57,4,1,481.06
57,5,1,302.46
57,6,1,223.3
57,7,1,336.12
57,8,1,441.12
57,9,1,286.77
57,10,1,406.13
57,11,1,265.94
57,12,1,379.86
58,1,1,119.23
58,2,0,0
58,3,0,0
58,4,0,0
58,5,0,0
58,6,0,0
58,7,0,0
58,8,0,0
58,9,0,0
58,10,0,0
58,11,0,0
58,12,0,0
59,1,1,51.26
59,2,1,199.28
59,3,1,333.05
59,4,1,481.98
59,5,1,269.08
59,6,1,378.74
59,7,1,288.83
59,8,1,216.85
59,9,1,201.14
59,10,1,283.44
59,11,1,415.72
59,12,1,294.57
60,1,1,326.15
60,2,1,194.15
60,3,1,233.54
60,4,1,239.47
60,5,1,284.38
60,6,1,437.3
60,7,1,280.82
60,8,0,0
60,9,0,0
60,10,0,0
60,11,0,0
60,12,0,0
61,1,1,146.91
61,2,1,86.37
61,3,1,150.33
61,4,1,174.53
61,5,1,210.87
61,6,1,343.48
61,7,1,408.07
61,8,1,302.5
61,9,1,403.98
61,10,1,335.11
61,11,1,279.03
61,12,1,323.33
62,1,1,168.21
62,2,1,192.79
62,3,1,161.44
62,4,0,0
62,5,0,0
62,6,0,0
62,7,1,157.09
62,8,1,173.55
62,9,1,213.88
62,10,1,304.83
62,11,1,256.71
62,12,1,274.39
63,1,1,160.95
63,2,1,198.71
63,3,1,200.87
63,4,1,233.87
63,5,1,221.77
63,6,1,341.73
63,7,1,230.45
63,8,0,0
63,9,0,0
63,10,0,0
63,11,0,0
63,12,0,0
64,1,1,308.72
64,2,1,197.75
64,3,0,0
64,4,0,0
64,5,0,0
64,6,1,150.87
64,7,1,241.59
64,8,1,151.81
64,9,0,0
64,10,0,0
64,11,0,0
64,12,0,0
65,1,1,94.17
65,2,0,0
65,3,0,0
65,4,0,0
65,5,0,0
65,6,0,0
65,7,0,0
65,8,0,0
65,9,0,0
65,10,0,0
65,11,0,0
65,12,0,0
66,1,1,156.83
66,2,1,238.28
66,3,1,141.62
66,4,1,208.65
66,5,0,0
66,6,0,0
66,7,1,73.36
66,8,1,111.05
66,9,0,0
66,10,0,0
66,11,0,0
66,12,1,80.92
67,1,1,297.69
67,2,1,312.34
67,3,1,271.8
67,4,1,418.41
67,5,0,0
67,6,0,0
67,7,0,0
67,8,0,0
67,9,0,0
67,10,0,0
67,11,0,0
67,12,0,0
68,1,1,189.26
68,2,1,209.44
68,3,1,339.65
68,4,1,270.05
68,5,0,0
68,6,0,0
68,7,0,0
68,8,0,0
68,9,0,0
68,10,0,0
68,11,0,0
68,12,0,0
69,1,1,93.63
69,2,0,0
69,3,0,0
69,4,0,0
69,5,0,0
69,6,0,0
69,7,0,0
69,8,0,0
69,9,0,0
69,10,0,0
69,11,0,0
69,12,0,0
70,1,1,299.77
70,2,1,211.54
70,3,1,231.18
70,4,1,306.25
70,5,1,311.72
70,6,1,269.44
70,7,1,353.06
70,8,1,354.42
70,9,1,272.65
70,10,1,284.54
70,11,1,226.89
70,12,1,215.09
71,1,1,285.46
71,2,1,179.45
71,3,1,279.87
71,4,1,252.21
71,5,1,345.56
71,6,1,238.66
71,7,1,174.66
71,8,1,284.73
71,9,1,419.78
71,10,1,329.77
71,11,1,487.54
71,12,1,315.22
72,1,1,255.27
72,2,1,252.79
72,3,1,168.04
72,4,1,179.13
72,5,1,185.59
72,6,0,0
72,7,0,0
72,8,0,0
72,9,0,0
72,10,0,0
72,11,0,0
72,12,0,0
73,1,1,370.74
73,2,1,209.67
73,3,0,0
73,4,0,0
73,5,0,0
73,6,0,0
73,7,0,0
73,8,0,0
73,9,0,0
73,10,0,0
73,11,0,0
73,12,0,0
74,1,1,141.14
74,2,1,168.08
74,3,1,258.26
74,4,1,392.35
74,5,1,535.98
74,6,1,350.17
74,7,1,459.32
74,8,1,332.72
74,9,1,243.77
74,10,1,387.35
74,11,1,291
74,12,1,425.74
75,1,1,60.92
75,2,0,0
75,3,0,0
75,4,0,0
75,5,0,0
75,6,0,0
75,7,0,0
75,8,0,0
75,9,0,0
75,10,0,0
75,11,0,0
75,12,1,96.12
76,1,1,147.35
76,2,1,179.9
76,3,1,261.93
76,4,1,210.17
76,5,1,315.7
76,6,1,279.35
76,7,1,266.38
76,8,1,174.97
76,9,1,198.91
76,10,0,0
76,11,0,0
76,12,0,0
77,1,1,193.66
77,2,0,0
77,3,0,0
77,4,1,166.71
77,5,1,308.44
77,6,1,270.64
77,7,0,0
77,8,0,0
77,9,0,0
77,10,0,0
77,11,0,0
77,12,0,0
78,1,1,94.93
78,2,1,181.66
78,3,1,212.86
78,4,1,311.52
78,5,1,252.3
78,6,1,262.14
78,7,1,203.39
78,8,1,180.24
78,9,1,281.48
78,10,1,409.01
78,11,1,473.42
78,12,1,496.64
79,1,1,96.32
79,2,1,199.95
79,3,1,200.99
79,4,0,0
79,5,0,0
79,6,0,0
79,7,0,0
79,8,0,0
79,9,0,0
79,10,0,0
79,11,0,0
79,12,0,0
80,1,1,85.61
80,2,0,0
80,3,0,0
80,4,0,0
80,5,0,0
80,6,0,0
80,7,1,139.19
80,8,0,0
80,9,0,0
80,10,0,0
80,11,0,0
80,12,0,0
81,1,1,285.48
81,2,1,198.57
81,3,0,0
81,4,0,0
81,5,0,0
81,6,0,0
81,7,0,0
81,8,0,0
81,9,0,0
81,10,0,0
81,11,0,0
81,12,0,0
82,1,1,305.89
82,2,1,241.74
82,3,1,174.01
82,4,1,257.78
82,5,1,238.51
82,6,1,376.69
82,7,1,321.33
82,8,1,262.67
82,9,1,298.96
82,10,1,390.69
82,11,1,219.97
82,12,1,335.69
83,1,1,253.54
83,2,1,222.64
83,3,1,239.83
83,4,1,204.81
83,5,1,304.12
83,6,1,307.74
83,7,1,296.42
83,8,1,205.19
83,9,1,230.38
83,10,1,218.63
83,11,1,369.65
83,12,1,277.49
84,1,1,128.48
84,2,0,0
84,3,0,0
84,4,0,0
84,5,0,0
84,6,0,0
84,7,0,0
84,8,0,0
84,9,0,0
84,10,0,0
84,11,0,0
84,12,0,0
85,1,1,231.81
85,2,1,300.33
85,3,1,416.24
85,4,1,328.13
85,5,1,292.15
85,6,0,0
85,7,0,0
85,8,0,0
85,9,0,0
85,10,0,0
85,11,1,135.62
85,12,0,0
86,1,1,35.54
86,2,0,0
86,3,0,0
86,4,0,0
86,5,0,0
86,6,0,0
86,7,0,0
86,8,0,0
86,9,0,0
86,10,0,0
86,11,0,0
86,12,0,0
87,1,1,121.01
87,2,0,0
87,3,0,0
87,4,0,0
87,5,0,0
87,6,0,0
87,7,0,0
87,8,0,0
87,9,0,0
87,10,0,0
87,11,0,0
87,12,0,0
88,1,1,231.35
88,2,1,209.75
88,3,1,197.17
88,4,1,194.52
88,5,1,173.32
88,6,1,186.75
88,7,1,318.21
88,8,1,219.75
88,9,1,259.28
88,10,1,176.28
88,11,1,175.9
88,12,0,0
89,1,1,247.59
89,2,0,0
89,3,0,0
89,4,0,0
89,5,0,0
89,6,0,0
89,7,0,0
89,8,0,0
89,9,0,0
89,10,0,0
89,11,0,0
89,12,0,0
90,1,1,282.5
90,2,1,204.36
90,3,1,247.39
90,4,1,215.53
90,5,1,265.98
90,6,1,185.44
90,7,1,230.84
90,8,1,233.39
90,9,0,0
90,10,0,0
90,11,0,0
90,12,0,0
91,1,1,215.78
91,2,0,0
91,3,0,0
91,4,0,0
91,5,0,0
91,6,0,0
91,7,0,0
91,8,0,0
91,9,0,0
91,10,0,0
91,11,1,104.28
91,12,1,187.31
92,1,1,148.11
92,2,0,0
92,3,0,0
92,4,0,0
92,5,0,0
92,6,0,0
92,7,0,0
92,8,0,0
92,9,1,66.07
92,10,0,0
92,11,0,0
92,12,0,0
93,1,1,92.05
93,2,1,190.61
93,3,1,288.43
93,4,1,171.8
93,5,1,188.82
93,6,0,0
93,7,0,0
93,8,0,0
93,9,0,0
93,10,0,0
93,11,0,0
93,12,0,0
94,1,1,277.49
94,2,1,224.61
94,3,0,0
94,4,0,0
94,5,0,0
94,6,0,0
94,7,0,0
94,8,0,0
94,9,0,0
94,10,0,0
94,11,0,0
94,12,0,0
95,1,1,96.29
95,2,1,216.37
95,3,0,0
95,4,0,0
95,5,0,0
95,6,0,0
95,7,0,0
95,8,0,0
95,9,0,0
95,10,0,0
95,11,0,0
95,12,1,82
96,1,1,239.85
96,2,1,232.33
96,3,1,212.01
96,4,1,197.51
96,5,1,283.31
96,6,1,284.92
96,7,1,223.3
96,8,1,337.22
96,9,1,254.46
96,10,1,206.04
96,11,1,193.62
96,12,1,243.57
97,1,1,221.94
97,2,0,0
97,3,0,0
97,4,0,0
97,5,0,0
97,6,0,0
97,7,0,0
97,8,0,0
97,9,0,0
97,10,0,0
97,11,0,0
97,12,0,0
98,1,1,239.3
98,2,1,358.04
98,3,1,421.85
98,4,1,304.37
98,5,1,428.56
98,6,1,304.11
98,7,1,414.79
98,8,1,281.16
98,9,1,243.26
98,10,1,206.95
98,11,1,190.92
98,12,1,233.43
99,1,1,181.65
99,2,1,199.59
99,3,1,299.3
99,4,1,422.8
99,5,1,238.5
99,6,1,197.5
99,7,0,0
99,8,0,0
99,9,0,0
99,10,0,0
99,11,0,0
99,12,0,0
100,1,1,184.55
100,2,1,180.64
100,3,1,172.01
100,4,0,0
100,5,0,0
100,6,0,0
100,7,0,0
100,8,0,0
100,9,0,0
100,10,0,0
100,11,0,0
100,12,0,0
101,1,1,220.46
101,2,1,316.33
101,3,1,270.95
101,4,1,331.79
101,5,1,398.99
101,6,1,361.05
101,7,1,277.9
101,8,0,0
101,9,0,0
101,10,0,0
101,11,0,0
101,12,0,0
102,1,1,262.79
102,2,1,229.64
102,3,1,180.61
102,4,1,204.96
102,5,1,221.73
102,6,1,275.58
102,7,1,185.41
102,8,1,199.56
102,9,1,340.33
102,10,1,260.62
102,11,1,230.66
102,12,1,301.92
103,1,1,154.74
103,2,1,238.95
103,3,1,270.6
103,4,1,255.34
103,5,1,361.33
103,6,1,445.26
103,7,1,291.92
103,8,1,255.97
103,9,1,176.12
103,10,1,230.41
103,11,1,388.88
103,12,1,542.02
104,1,1,226.38
104,2,1,268.32
104,3,0,0
104,4,0,0
104,5,0,0
104,6,1,118.95
104,7,1,181.73
104,8,0,0
104,9,0,0
104,10,0,0
104,11,0,0
104,12,0,0
105,1,1,199.36
105,2,1,323.21
105,3,1,226.18
105,4,0,0
105,5,0,0
105,6,0,0
105,7,0,0
105,8,0,0
105,9,1,52.9
105,10,0,0
105,11,0,0
105,12,0,0
106,1,1,289.21
106,2,1,295.91
106,3,1,372.99
106,4,1,295.07
106,5,1,202.9
106,6,1,332.83
106,7,1,219.96
106,8,1,212.56
106,9,0,0
106,10,0,0
106,11,0,0
106,12,0,0
107,1,1,205.36
107,2,1,261.37
107,3,1,320.16
107,4,1,458.03
107,5,1,596.26
107,6,1,687.56
107,7,1,730.33
107,8,1,507.99
107,9,1,680.25
107,10,1,797.48
107,11,1,472.64
107,12,1,629.29
108,1,1,289
108,2,1,311.79
108,3,1,388.68
108,4,1,468.52
108,5,1,181.83
108,6,1,275.47
108,7,1,236.34
108,8,1,179.32
108,9,0,0
108,10,0,0
108,11,1,14.22
108,12,1,94.33
109,1,1,202.79
109,2,1,158.01
109,3,1,215.52
109,4,1,203.68
109,5,1,304.76
109,6,1,455.26
109,7,1,341.19
109,8,1,265.17
109,9,1,282.36
109,10,1,360.33
109,11,1,277.38
109,12,1,201.63
110,1,1,244.48
110,2,1,170.52
110,3,1,146.23
110,4,0,0
110,5,0,0
110,6,0,0
110,7,0,0
110,8,0,0
110,9,1,85.5
110,10,0,0
110,11,0,0
110,12,0,0
111,1,1,127.38
111,2,1,232.25
111,3,1,376.51
111,4,1,479.49
111,5,1,375.04
111,6,1,378.02
111,7,1,201.22
111,8,1,199.3
111,9,1,310.95
111,10,1,254.24
111,11,1,285.83
111,12,1,289.79
112,1,1,231.94
112,2,1,190.68
112,3,1,279.81
112,4,1,241.95
112,5,1,236.67
112,6,1,350.6
112,7,1,428.31
112,8,1,269.91
112,9,1,224.69
112,10,1,326.57
112,11,1,284.87
112,12,1,177.73
113,1,1,277.48
113,2,1,197.37
113,3,0,0
113,4,0,0
113,5,0,0
113,6,0,0
113,7,0,0
113,8,0,0
113,9,0,0
113,10,0,0
113,11,0,0
113,12,0,0
114,1,1,257.91
114,2,1,245.27
114,3,1,211.12
114,4,1,272.35
114,5,1,250.49
114,6,0,0
114,7,0,0
114,8,0,0
114,9,1,132.43
114,10,1,256.72
114,11,1,234.93
114,12,1,194.24
115,1,1,206.28
115,2,1,207.38
115,3,1,298.83
115,4,1,305.21
115,5,1,409.12
115,6,1,503.06
115,7,1,265.79
115,8,1,242.68
115,9,1,154.23
115,10,0,0
115,11,0,0
115,12,0,0
116,1,1,216.04
116,2,1,308.17
116,3,1,262.69
116,4,1,247.77
116,5,1,250.34
116,6,1,204.36
116,7,1,181.94
116,8,1,262.37
116,9,1,185.99
116,10,1,234.34
116,11,1,337.04
116,12,1,262.74
117,1,1,82.35
117,2,0,0
117,3,0,0
117,4,0,0
117,5,0,0
117,6,0,0
117,7,0,0
117,8,0,0
117,9,0,0
117,10,0,0
117,11,0,0
117,12,0,0
118,1,1,184.63
118,2,0,0
118,3,0,0
118,4,0,0
118,5,0,0
118,6,0,0
118,7,0,0
118,8,0,0
118,9,0,0
118,10,0,0
118,11,0,0
118,12,0,0
119,1,1,225.47
119,2,1,384.35
119,3,1,295.76
119,4,1,412.88
119,5,1,319.43
119,6,0,0
119,7,0,0
119,8,0,0
119,9,0,0
119,10,0,0
119,11,0,0
119,12,0,0
120,1,1,263.53
120,2,1,308.03
120,3,1,422.35
120,4,1,344.57
120,5,1,262.53
120,6,1,248.09
120,7,1,297.29
120,8,1,322.94
120,9,1,416.96
120,10,1,373
120,11,1,267.34
120,12,1,254.63
121,1,1,343.97
121,2,1,262.49
121,3,0,0
121,4,0,0
121,5,0,0
121,6,0,0
121,7,0,0
121,8,0,0
121,9,0,0
121,10,0,0
121,11,0,0
121,12,0,0
122,1,1,201.36
122,2,1,294.94
122,3,1,221.26
122,4,1,162.88
122,5,1,165.85
122,6,0,0
122,7,0,0
122,8,0,0
122,9,0,0
122,10,0,0
122,11,0,0
122,12,0,0
123,1,1,198.85
123,2,1,321.62
123,3,1,293.8
123,4,0,0
123,5,0,0
123,6,0,0
123,7,0,0
123,8,0,0
123,9,0,0
123,10,0,0
123,11,0,0
123,12,0,0
124,1,1,98.98
124,2,1,248.1
124,3,1,259.86
124,4,1,290.46
124,5,0,0
124,6,0,0
124,7,0,0
124,8,0,0
124,9,0,0
124,10,0,0
124,11,0,0
124,12,0,0
125,1,1,107.52
125,2,0,0
125,3,0,0
125,4,0,0
125,5,0,0
125,6,0,0
125,7,0,0
125,8,0,0
125,9,0,0
125,10,0,0
125,11,0,0
125,12,0,0
126,1,1,358.66
126,2,1,320.67
126,3,1,374.12
126,4,1,506.69
126,5,1,356.84
126,6,1,253.4
126,7,0,0
126,8,0,0
126,9,0,0
126,10,0,0
126,11,0,0
126,12,0,0
127,1,1,164.97
127,2,1,120.97
127,3,0,0
127,4,0,0
127,5,0,0
127,6,0,0
127,7,0,0
127,8,0,0
127,9,1,133.56
127,10,1,118.5
127,11,1,159.86
127,12,1,157.74
128,1,1,212
128,2,1,225.64
128,3,1,165.75
128,4,0,0
128,5,0,0
128,6,0,0
128,7,0,0
128,8,0,0
128,9,0,0
128,10,0,0
128,11,0,0
128,12,0,0
129,1,1,146.46
129,2,1,221.56
129,3,1,260.77
129,4,0,0
129,5,0,0
129,6,0,0
129,7,0,0
129,8,0,0
129,9,0,0
129,10,0,0
129,11,0,0
129,12,1,122.06
130,1,1,197.24
130,2,1,197.19
130,3,1,197.91
130,4,1,338.69
130,5,1,264.07
130,6,1,251.2
130,7,1,218
130,8,1,294.5
130,9,1,384.32
130,10,1,249.8
130,11,1,213.97
130,12,1,225.99
131,1,1,197.35
131,2,0,0
131,3,0,0
131,4,0,0
131,5,0,0
131,6,0,0
131,7,1,87.56
131,8,1,174.3
131,9,1,224.73
131,10,1,269.7
131,11,1,223.98
131,12,1,366.44
132,1,1,240.77
132,2,0,0
132,3,0,0
132,4,0,0
132,5,0,0
132,6,0,0
132,7,0,0
132,8,0,0
132,9,0,0
132,10,0,0
132,11,0,0
132,12,0,0
133,1,1,275.66
133,2,1,389.88
133,3,1,266.6
133,4,1,215.51
133,5,0,0
133,6,0,0
133,7,0,0
133,8,0,0
133,9,0,0
133,10,0,0
133,11,0,0
133,12,0,0
134,1,1,292.42
134,2,1,169.73
134,3,1,183.3
134,4,1,241.09
134,5,1,192.21
134,6,1,187.2
134,7,1,145.96
134,8,0,0
134,9,0,0
134,10,0,0
134,11,0,0
134,12,0,0
135,1,1,162.94
135,2,1,285.66
135,3,1,229.49
135,4,1,372.59
135,5,1,329.15
135,6,1,275.9
135,7,1,316.87
135,8,1,362.25
135,9,1,481.79
135,10,1,315.66
135,11,1,311.32
135,12,1,258.53
136,1,1,169.01
136,2,1,232.95
136,3,1,223.55
136,4,1,372.42
136,5,1,520.94
136,6,1,294.8
136,7,1,316.02
136,8,1,240.4
136,9,1,248.06
136,10,1,358.95
136,11,1,332.24
136,12,1,248.28
137,1,1,134.67
137,2,1,229.1
137,3,1,226.32
137,4,1,244.04
137,5,1,265.61
137,6,1,245.43
137,7,1,316.52
137,8,1,449.6
137,9,1,321.13
137,10,1,253.28
137,11,1,349.4
137,12,1,472.06
138,1,1,163.29
138,2,1,210.41
138,3,1,141.61
138,4,1,219.38
138,5,1,194.67
138,6,1,225.05
138,7,1,204.23
138,8,1,305.18
138,9,1,166.47
138,10,1,241.98
138,11,1,255.17
138,12,1,257.11
139,1,1,175.44
139,2,1,207.22
139,3,1,217.4
139,4,1,240.36
139,5,1,236.93
139,6,0,0
139,7,0,0
139,8,0,0
139,9,0,0
139,10,0,0
139,11,0,0
139,12,0,0
140,1,1,148.37
140,2,1,234.73
140,3,1,357.29
140,4,1,490.33
140,5,1,507.69
140,6,1,306.23
140,7,1,208.98
140,8,1,336.83
140,9,1,241.22
140,10,1,191.82
140,11,1,303.13
140,12,0,0
141,1,1,142.22
141,2,1,191.47
141,3,1,207.47
141,4,1,244.02
141,5,1,266.47
141,6,1,268.4
141,7,1,297.89
141,8,1,228.71
141,9,1,366.57
141,10,1,259.37
141,11,1,177.88
141,12,1,211.75
142,1,1,54.36
142,2,0,0
142,3,0,0
142,4,0,0
142,5,0,0
142,6,0,0
142,7,0,0
142,8,0,0
142,9,0,0
142,10,0,0
142,11,0,0
142,12,0,0
143,1,1,150
143,2,1,202.8
143,3,1,260.06
143,4,1,219.57
143,5,1,325.09
143,6,1,440.01
143,7,1,558.81
143,8,1,447.25
143,9,1,317.14
143,10,1,449.91
143,11,1,262.35
143,12,1,151.28
144,1,1,212.81
144,2,1,199.54
144,3,1,184.87
144,4,1,341.59
144,5,1,344.84
144,6,1,360.09
144,7,1,274.15
144,8,1,398.77
144,9,1,473.32
144,10,1,273.58
144,11,1,249.84
144,12,1,223.56
145,1,1,255.54
145,2,1,225.15
145,3,1,427.06
145,4,1,397.26
145,5,1,544.68
145,6,1,644.03
145,7,1,388.62
145,8,1,527.45
145,9,1,394.51
145,10,1,529.46
145,11,1,359.34
145,12,1,472.13
146,1,1,260.05
146,2,1,264.65
146,3,1,282.6
146,4,1,179.86
146,5,1,204.22
146,6,1,240.39
146,7,1,286.24
146,8,1,394.81
146,9,1,364.15
146,10,1,266.63
146,11,1,160.61
146,12,0,0
147,1,1,262.57
147,2,1,289.48
147,3,1,314.97
147,4,1,230.59
147,5,1,335.58
147,6,1,237.97
147,7,1,239.05
147,8,1,214.74
147,9,1,226.53
147,10,1,387.43
147,11,1,278.16
147,12,1,345.98
148,1,1,186
148,2,1,282.15
148,3,1,388.53
148,4,1,261.81
148,5,1,223.4
148,6,1,212.48
148,7,1,339.71
148,8,1,407.18
148,9,1,215.34
148,10,1,314.43
148,11,1,253.58
148,12,0,0
149,1,1,202.86
149,2,0,0
149,3,0,0
149,4,0,0
149,5,0,0
149,6,1,83.55
149,7,0,0
149,8,0,0
149,9,0,0
149,10,1,78.66
149,11,1,98.57
149,12,1,206.78
150,1,1,57.11
150,2,1,109.99
150,3,1,158.82
150,4,1,278.87
150,5,1,282.95
150,6,1,205.25
150,7,1,165.76
150,8,0,0
150,9,0,0
150,10,0,0
150,11,0,0
150,12,0,0
151,1,1,47.89
151,2,1,125.21
151,3,1,224.52
151,4,1,231.71
151,5,1,313.15
151,6,0,0
151,7,0,0
151,8,0,0
151,9,0,0
151,10,0,0
151,11,0,0
151,12,0,0
152,1,1,58.73
152,2,1,140.44
152,3,1,196.85
152,4,1,203.68
152,5,1,233.11
152,6,1,283.97
152,7,1,237.97
152,8,1,390.05
152,9,1,302.33
152,10,1,188.7
152,11,1,203.76
152,12,1,151.16
153,1,1,156.76
153,2,0,0
153,3,0,0
153,4,0,0
153,5,0,0
153,6,0,0
153,7,0,0
153,8,0,0
153,9,0,0
153,10,0,0
153,11,0,0
153,12,0,0
154,1,1,149.71
154,2,1,245.11
154,3,1,201.68
154,4,1,224.86
154,5,0,0
154,6,0,0
154,7,1,154.1
154,8,1,127.57
154,9,1,191.28
154,10,1,240.64
154,11,0,0
154,12,0,0
155,1,1,168.8
155,2,1,179.03
155,3,1,219.38
155,4,1,171.06
155,5,0,0
155,6,0,0
155,7,0,0
155,8,0,0
155,9,0,0
155,10,0,0
155,11,0,0
155,12,0,0
156,1,1,166.83
156,2,0,0
156,3,0,0
156,4,0,0
156,5,0,0
156,6,0,0
156,7,0,0
156,8,0,0
156,9,0,0
156,10,0,0
156,11,0,0
156,12,0,0
157,1,1,281.73
157,2,1,236.81
157,3,1,223.06
157,4,1,214.41
157,5,1,341.89
157,6,1,226.17
157,7,1,282.98
157,8,1,276.11
157,9,1,195.08
157,10,1,225.44
157,11,1,257.67
157,12,1,260.27
158,1,1,215.59
158,2,0,0
158,3,0,0
158,4,0,0
158,5,1,117.54
158,6,0,0
158,7,0,0
158,8,0,0
158,9,0,0
158,10,0,0
158,11,0,0
158,12,0,0
159,1,1,246.46
159,2,1,313.79
159,3,1,257.19
159,4,1,179.85
159,5,1,156.9
159,6,1,280.48
159,7,1,287.52
159,8,1,248.66
159,9,1,179.83
159,10,1,196.03
159,11,1,194.53
159,12,1,285.92
160,1,1,336.45
160,2,1,288.14
160,3,1,255.84
160,4,1,263.72
160,5,1,262.88
160,6,1,353.05
160,7,1,252.7
160,8,0,0
160,9,0,0
160,10,0,0
160,11,0,0
160,12,0,0
161,1,1,159.11
161,2,0,0
161,3,0,0
161,4,0,0
161,5,0,0
161,6,0,0
161,7,0,0
161,8,0,0
161,9,0,0
161,10,0,0
161,11,1,110.66
161,12,0,0
162,1,1,232.48
162,2,0,0
162,3,0,0
162,4,0,0
162,5,0,0
162,6,0,0
162,7,0,0
162,8,0,0
162,9,0,0
162,10,0,0
162,11,0,0
162,12,0,0
163,1,1,367.02
163,2,1,348.34
163,3,1,322.66
163,4,1,382.45
163,5,1,303.27
163,6,1,369.3
163,7,1,261.19
163,8,1,206.59
163,9,0,0
163,10,0,0
163,11,0,0
163,12,0,0
164,1,1,173.25
164,2,0,0
164,3,0,0
164,4,0,0
164,5,0,0
164,6,0,0
164,7,0,0
164,8,1,104.02
164,9,1,164.26
164,10,0,0
164,11,0,0
164,12,0,0
165,1,1,144.09
165,2,1,256.58
165,3,1,334.97
165,4,1,238.02
165,5,1,232.18
165,6,1,185.6
165,7,1,217.49
165,8,0,0
165,9,0,0
165,10,1,116.02
165,11,1,138.91
165,12,1,165.53
166,1,1,199.6
166,2,1,203.17
166,3,1,206.96
166,4,1,200.26
166,5,1,299.05
166,6,1,148.7
166,7,1,172.04
166,8,1,255.94
166,9,1,225.45
166,10,1,329.48
166,11,1,302.47
166,12,1,320.58
167,1,1,272.65
167,2,1,238.14
167,3,1,271.71
167,4,1,456.25
167,5,1,450.16
167,6,1,320.36
167,7,1,282.77
167,8,1,273.99
167,9,1,271.47
167,10,1,195.27
167,11,0,0
167,12,0,0
168,1,1,222.96
168,2,0,0
168,3,0,0
168,4,0,0
168,5,0,0
168,6,0,0
168,7,0,0
168,8,0,0
168,9,0,0
168,10,0,0
168,11,0,0
168,12,1,95.68
169,1,1,262.43
169,2,1,235.86
169,3,1,371.69
169,4,1,278.6
169,5,1,243.55
169,6,1,251.83
169,7,1,327.22
169,8,0,0
169,9,0,0
169,10,0,0
169,11,0,0
169,12,0,0
170,1,1,127.28
170,2,1,175.06
170,3,1,230.16
170,4,0,0
170,5,0,0
170,6,0,0
170,7,0,0
170,8,0,0
170,9,0,0
170,10,0,0
170,11,0,0
170,12,0,0
171,1,1,235.6
171,2,1,201.55
171,3,0,0
171,4,0,0
171,5,0,0
171,6,0,0
171,7,0,0
171,8,0,0
171,9,0,0
171,10,0,0
171,11,0,0
171,12,0,0
172,1,1,249.45
172,2,0,0
172,3,0,0
172,4,0,0
172,5,0,0
172,6,0,0
172,7,0,0
172,8,0,0
172,9,1,104.37
172,10,1,248.41
172,11,1,293.87
172,12,1,398.19
173,1,1,153.34
173,2,1,215.05
173,3,1,284.8
173,4,1,211.19
173,5,0,0
173,6,0,0
173,7,0,0
173,8,0,0
173,9,0,0
173,10,0,0
173,11,0,0
173,12,0,0
174,1,1,250.29
174,2,1,311.57
174,3,1,261.86
174,4,1,199.52
174,5,0,0
174,6,0,0
174,7,0,0
174,8,0,0
174,9,0,0
174,10,1,96.88
174,11,0,0
174,12,0,0
175,1,1,211.02
175,2,1,236.88
175,3,1,247.61
175,4,1,214.04
175,5,0,0
175,6,0,0
175,7,0,0
175,8,0,0
175,9,0,0
175,10,0,0
175,11,0,0
175,12,0,0
176,1,1,178.58
176,2,1,216.79
176,3,1,239.8
176,4,1,306.29
176,5,1,421.13
176,6,1,394.51
176,7,1,277.64
176,8,1,191.11
176,9,1,237.08
176,10,1,307.64
176,11,1,195.06
176,12,1,297.86
177,1,1,241.1
177,2,1,232.7
177,3,1,284.41
177,4,1,235.23
177,5,1,223.65
177,6,1,247.69
177,7,1,363.65
177,8,1,357.61
177,9,1,265.04
177,10,1,348.86
177,11,1,287.55
177,12,1,211.8
178,1,1,257.56
178,2,1,354.41
178,3,1,208.73
178,4,0,0
178,5,0,0
178,6,0,0
178,7,0,0
178,8,0,0
178,9,0,0
178,10,0,0
178,11,0,0
178,12,0,0
179,1,1,264.28
179,2,1,211.74
179,3,1,221.2
179,4,1,191.14
179,5,1,207.17
179,6,1,162.65
179,7,1,184.37
179,8,0,0
179,9,0,0
179,10,1,106.52
179,11,1,239.54
179,12,0,0
180,1,1,255.53
180,2,1,252.01
180,3,1,201.34
180,4,1,337.33
180,5,1,361.48
180,6,1,283.45
180,7,1,282.15
180,8,1,300.05
180,9,1,281.34
180,10,1,363.24
180,11,1,473.3
180,12,1,383.7
181,1,1,211.44
181,2,1,327.28
181,3,1,476.74
181,4,1,412.62
181,5,1,352.05
181,6,1,232.51
181,7,1,193.95
181,8,1,183.47
181,9,1,280
181,10,1,244.26
181,11,1,243.85
181,12,1,305.67
182,1,1,127.57
182,2,1,204.31
182,3,1,146.62
182,4,0,0
182,5,0,0
182,6,0,0
182,7,0,0
182,8,1,131.33
182,9,1,196.32
182,10,1,192.79
182,11,0,0
182,12,0,0
183,1,1,103.42
183,2,1,215.44
183,3,1,299.21
183,4,1,237.39
183,5,1,168.43
183,6,0,0
183,7,0,0
183,8,0,0
183,9,0,0
183,10,0,0
183,11,0,0
183,12,0,0
184,1,1,300.14
184,2,1,256.45
184,3,1,263.19
184,4,1,201.37
184,5,1,190.32
184,6,1,243.83
184,7,1,194.49
184,8,1,228.53
184,9,1,215.72
184,10,1,174.6
184,11,1,274.91
184,12,1,261.16
185,1,1,284.05
185,2,0,0
185,3,0,0
185,4,0,0
185,5,0,0
185,6,0,0
185,7,0,0
185,8,0,0
185,9,0,0
185,10,0,0
185,11,0,0
185,12,0,0
186,1,1,231.42
186,2,1,214.36
186,3,1,317.88
186,4,1,319.27
186,5,1,266.62
186,6,1,212.87
186,7,1,317.2
186,8,0,0
186,9,0,0
186,10,0,0
186,11,1,103.65
186,12,0,0
187,1,1,288.47
187,2,1,402.44
187,3,1,270.03
187,4,1,391.45
187,5,1,283.49
187,6,0,0
187,7,0,0
187,8,0,0
187,9,0,0
187,10,0,0
187,11,0,0
187,12,0,0
188,1,1,224.42
188,2,1,152.58
188,3,0,0
188,4,0,0
188,5,0,0
188,6,0,0
188,7,0,0
188,8,0,0
188,9,0,0
188,10,0,0
188,11,0,0
188,12,0,0
189,1,1,280.34
189,2,0,0
189,3,0,0
189,4,1,51.96
189,5,0,0
189,6,1,44.17
189,7,0,0
189,8,0,0
189,9,0,0
189,10,0,0
189,11,0,0
189,12,0,0
190,1,1,122.37
190,2,1,194.21
190,3,1,325.45
190,4,1,463.42
190,5,1,287.44
190,6,1,370.22
190,7,1,227.38
190,8,1,219.93
190,9,1,191.9
190,10,1,170.28
190,11,1,183.48
190,12,1,261.36
191,1,1,355.61
191,2,0,0
191,3,0,0
191,4,0,0
191,5,0,0
191,6,0,0
191,7,0,0
191,8,0,0
191,9,0,0
191,10,0,0
191,11,0,0
191,12,0,0
192,1,1,288.89
192,2,1,227.01
192,3,1,329.07
192,4,1,422.85
192,5,1,247.67
192,6,0,0
192,7,0,0
192,8,0,0
192,9,0,0
192,10,0,0
192,11,0,0
192,12,0,0
193,1,1,266.39
193,2,1,273.65
193,3,0,0
193,4,0,0
193,5,0,0
193,6,0,0
193,7,0,0
193,8,0,0
193,9,0,0
193,10,0,0
193,11,0,0
193,12,0,0
194,1,1,163.41
194,2,1,243.14
194,3,1,171.01
194,4,1,225.73
194,5,1,201.84
194,6,1,207.89
194,7,1,338.97
194,8,1,246.02
194,9,1,269.94
194,10,1,221.33
194,11,1,328.1
194,12,1,264.55
195,1,1,143.85
195,2,0,0
195,3,0,0
195,4,0,0
195,5,0,0
195,6,0,0
195,7,0,0
195,8,0,0
195,9,0,0
195,10,0,0
195,11,0,0
195,12,1,112.35
196,1,1,285.95
196,2,1,234.85
196,3,1,248.43
196,4,1,275.96
196,5,1,195.89
196,6,0,0
196,7,0,0
196,8,0,0
196,9,0,0
196,10,0,0
196,11,0,0
196,12,0,0
197,1,1,148.63
197,2,1,264.87
197,3,1,270.2
197,4,1,395.28
197,5,1,386.32
197,6,1,441.13
197,7,1,595.38
197,8,1,429.43
197,9,1,322.81
197,10,1,253.17
197,11,1,249.34
197,12,1,422.74
198,1,1,275.51
198,2,1,286.7
198,3,1,407.76
198,4,1,263.4
198,5,1,267.56
198,6,1,226.36
198,7,1,286.85
198,8,1,239.97
198,9,1,181.08
198,10,1,230.09
198,11,1,196.83
198,12,1,317.02
199,1,1,195.28
199,2,1,199.62
199,3,1,292.27
199,4,1,249.74
199,5,1,195.62
199,6,1,287.31
199,7,1,390.38
199,8,1,273.22
199,9,1,146.69
199,10,1,172.7
199,11,1,236.76
199,12,1,203.19
200,1,1,58.54
200,2,1,126.88
200,3,1,247.1
200,4,1,204.81
200,5,1,235.01
200,6,1,370.44
200,7,1,195.62
200,8,0,0
200,9,0,0
200,10,0,0
200,11,0,0
200,12,0,0
201,1,1,227.47
201,2,1,358.04
201,3,1,180.08
201,4,1,278.43
201,5,1,272.97
201,6,1,248.36
201,7,1,191.06
201,8,1,257.24
201,9,0,0
201,10,0,0
201,11,0,0
201,12,0,0
202,1,1,218.7
202,2,1,219.41
202,3,1,275.49
202,4,1,331.16
202,5,1,273.57
202,6,1,262.32
202,7,1,234.99
202,8,1,265.86
202,9,1,269.74
202,10,1,180.51
202,11,1,295.08
202,12,1,405.41
203,1,1,254.65
203,2,1,331.52
203,3,1,310.92
203,4,1,276.9
203,5,1,269.26
203,6,1,370.82
203,7,1,266.92
203,8,1,256.14
203,9,1,367.8
203,10,1,298.66
203,11,1,234.89
203,12,1,180.12
204,1,1,213.89
204,2,1,191.96
204,3,1,202.8
204,4,1,232.12
204,5,1,196.27
204,6,1,222.53
204,7,1,240.09
204,8,1,223.44
204,9,1,211.1
204,10,0,0
204,11,0,0
204,12,0,0
205,1,1,237.18
205,2,0,0
205,3,0,0
205,4,0,0
205,5,0,0
205,6,0,0
205,7,0,0
205,8,0,0
205,9,0,0
205,10,1,85.1
205,11,1,112.26
205,12,1,201.15
206,1,1,128.1
206,2,0,0
206,3,0,0
206,4,0,0
206,5,0,0
206,6,1,136.47
206,7,1,277.11
206,8,1,289.12
206,9,1,447.84
206,10,1,310.48
206,11,1,344.6
206,12,1,457.38
207,1,1,60.67
207,2,0,0
207,3,0,0
207,4,0,0
207,5,0,0
207,6,0,0
207,7,0,0
207,8,0,0
207,9,0,0
207,10,0,0
207,11,0,0
207,12,0,0
208,1,1,165.47
208,2,1,220.77
208,3,1,221.28
208,4,1,173.82
208,5,1,268.05
208,6,1,296.1
208,7,1,370.12
208,8,1,453.02
208,9,1,301.61
208,10,0,0
208,11,0,0
208,12,0,0
209,1,1,229.07
209,2,1,209.35
209,3,1,182.49
209,4,1,198.13
209,5,1,215.46
209,6,1,304.46
209,7,1,343.49
209,8,1,249.37
209,9,1,367.87
209,10,1,313.48
209,11,1,363.53
209,12,1,244.02
210,1,1,245.59
210,2,1,270.72
210,3,1,285.55
210,4,1,435.53
210,5,0,0
210,6,0,0
210,7,0,0
210,8,0,0
210,9,1,103.06
210,10,0,0
210,11,0,0
210,12,0,0
211,1,1,232.09
211,2,1,210.47
211,3,0,0
211,4,0,0
211,5,0,0
211,6,0,0
211,7,0,0
211,8,0,0
211,9,0,0
211,10,0,0
211,11,0,0
211,12,0,0
212,1,1,273.45
212,2,1,400.01
212,3,1,487.22
212,4,1,287.58
212,5,1,288.32
212,6,1,473.75
212,7,1,575.99
212,8,1,681.18
212,9,1,345.69
212,10,1,303.94
212,11,1,445.48
212,12,1,548.52
213,1,1,280.97
213,2,1,241.16
213,3,1,169.25
213,4,1,226.05
213,5,1,307.24
213,6,1,255.95
213,7,1,242.71
213,8,1,355.96
213,9,1,266.8
213,10,0,0
213,11,0,0
213,12,0,0
214,1,1,248.34
214,2,1,381.94
214,3,1,474.11
214,4,1,290.28
214,5,1,275.62
214,6,1,265.67
214,7,0,0
214,8,0,0
214,9,0,0
214,10,0,0
214,11,0,0
214,12,0,0
215,1,1,210.14
215,2,1,172.75
215,3,1,212.54
215,4,1,306.62
215,5,1,227.68
215,6,0,0
215,7,0,0
215,8,0,0
215,9,0,0
215,10,0,0
215,11,0,0
215,12,0,0
216,1,1,140.64
216,2,1,186.11
216,3,1,211.56
216,4,1,197.12
216,5,0,0
216,6,0,0
216,7,0,0
216,8,0,0
216,9,0,0
216,10,0,0
216,11,0,0
216,12,0,0
217,1,1,202.47
217,2,1,274.46
217,3,1,204.18
217,4,1,322.31
217,5,1,286.47
217,6,1,381.01
217,7,1,325.67
217,8,1,250.78
217,9,1,200.28
217,10,0,0
217,11,0,0
217,12,0,0
218,1,1,167.75
218,2,0,0
218,3,0,0
218,4,0,0
218,5,0,0
218,6,0,0
218,7,0,0
218,8,1,115.73
218,9,1,204.7
218,10,1,244.7
218,11,0,0
218,12,0,0
219,1,1,71.17
219,2,0,0
219,3,0,0
219,4,1,123.95
219,5,0,0
219,6,0,0
219,7,1,103.65
219,8,1,157.63
219,9,1,154.47
219,10,1,138.69
219,11,0,0
219,12,0,0
220,1,1,222.36
220,2,1,172.41
220,3,0,0
220,4,0,0
220,5,0,0
220,6,0,0
220,7,0,0
220,8,0,0
220,9,0,0
220,10,0,0
220,11,0,0
220,12,0,0
221,1,1,199.45
221,2,1,311.79
221,3,1,199.34
221,4,1,183.89
221,5,1,148.69
221,6,1,219.86
221,7,1,196.06
221,8,0,0
221,9,0,0
221,10,0,0
221,11,0,0
221,12,0,0
222,1,1,130.2
222,2,0,0
222,3,0,0
222,4,0,0
222,5,0,0
222,6,0,0
222,7,0,0
222,8,1,148.93
222,9,1,181.21
222,10,1,243.5
222,11,1,255.34
222,12,1,275.25
223,1,1,154.08
223,2,0,0
223,3,0,0
223,4,0,0
223,5,0,0
223,6,0,0
223,7,0,0
223,8,0,0
223,9,0,0
223,10,0,0
223,11,0,0
223,12,1,115.77
224,1,1,269.58
224,2,1,218.6
224,3,1,292.47
224,4,1,308.53
224,5,1,436.76
224,6,1,347.7
224,7,1,452.37
224,8,1,240.77
224,9,1,263.64
224,10,1,150.82
224,11,1,266.37
224,12,1,393.42
225,1,1,165.47
225,2,1,248.99
225,3,1,261.03
225,4,1,212.71
225,5,1,232.72
225,6,0,0
225,7,0,0
225,8,0,0
225,9,0,0
225,10,0,0
225,11,0,0
225,12,0,0
226,1,1,215.63
226,2,1,194.42
226,3,1,300.48
226,4,1,229.71
226,5,1,229.15
226,6,1,360.36
226,7,1,299.3
226,8,1,217.19
226,9,1,265.63
226,10,1,454.51
226,11,1,341.86
226,12,1,484.59
227,1,1,276.95
227,2,1,298.62
227,3,0,0
227,4,1,117.13
227,5,1,246.84
227,6,1,241.78
227,7,1,177.1
227,8,1,342.27
227,9,1,311.2
227,10,1,437.72
227,11,1,298.23
227,12,1,235.49
228,1,1,144.23
228,2,1,225.91
228,3,0,0
228,4,0,0
228,5,0,0
228,6,0,0
228,7,0,0
228,8,0,0
228,9,0,0
228,10,0,0
228,11,0,0
228,12,0,0
229,1,1,58.87
229,2,0,0
229,3,0,0
229,4,0,0
229,5,0,0
229,6,0,0
229,7,0,0
229,8,0,0
229,9,0,0
229,10,0,0
229,11,0,0
229,12,0,0
230,1,1,159.14
230,2,0,0
230,3,0,0
230,4,0,0
230,5,0,0
230,6,0,0
230,7,0,0
230,8,0,0
230,9,0,0
230,10,1,79.93
230,11,1,140.04
230,12,1,149.51
231,1,1,207.37
231,2,1,358.06
231,3,1,415.77
231,4,1,306.45
231,5,1,300.5
231,6,1,309.77
231,7,1,231.35
231,8,1,352.47
231,9,1,288.83
231,10,0,0
231,11,0,0
231,12,0,0
232,1,1,120.23
232,2,1,135.19
232,3,1,145.6
232,4,1,157.06
232,5,1,205.28
232,6,0,0
232,7,0,0
232,8,0,0
232,9,0,0
232,10,0,0
232,11,0,0
232,12,0,0
233,1,1,164.95
233,2,1,286.45
233,3,1,248.81
233,4,0,0
233,5,0,0
233,6,0,0
233,7,0,0
233,8,0,0
233,9,0,0
233,10,0,0
233,11,0,0
233,12,1,108.12
234,1,1,68.58
234,2,0,0
234,3,0,0
234,4,0,0
234,5,0,0
234,6,0,0
234,7,0,0
234,8,0,0
234,9,0,0
234,10,1,142.93
234,11,1,265.81
234,12,1,237.42
235,1,1,57.74
235,2,0,0
235,3,1,106.51
235,4,0,0
235,5,0,0
235,6,0,0
235,7,0,0
235,8,0,0
235,9,0,0
235,10,0,0
235,11,0,0
235,12,1,88.82
236,1,1,111.37
236,2,0,0
236,3,0,0
236,4,0,0
236,5,0,0
236,6,1,96.14
236,7,0,0
236,8,0,0
236,9,0,0
236,10,0,0
236,11,0,0
236,12,0,0
237,1,1,197.6
237,2,1,187.61
237,3,1,177.46
237,4,1,238.83
237,5,1,319.73
237,6,1,256.98
237,7,1,211.94
237,8,1,275.31
237,9,1,180.13
237,10,0,0
237,11,0,0
237,12,0,0
238,1,1,351.07
238,2,1,420.76
238,3,1,268.32
238,4,1,201.91
238,5,1,284.6
238,6,1,295.65
238,7,1,228.93
238,8,1,223.12
238,9,1,213.28
238,10,1,315.91
238,11,1,272.51
238,12,1,201.25
239,1,1,209.33
239,2,1,200.54
239,3,1,196.15
239,4,0,0
239,5,0,0
239,6,0,0
239,7,0,0
239,8,0,0
239,9,0,0
239,10,0,0
239,11,0,0
239,12,0,0
240,1,1,136.63
240,2,1,252.12
240,3,1,270.24
240,4,1,253.73
240,5,1,260.08
240,6,1,340.03
240,7,1,182.96
240,8,0,0
240,9,0,0
240,10,0,0
240,11,0,0
240,12,0,0
241,1,1,248.84
241,2,1,223.57
241,3,0,0
241,4,0,0
241,5,0,0
241,6,0,0
241,7,0,0
241,8,0,0
241,9,0,0
241,10,0,0
241,11,0,0
241,12,0,0
242,1,1,68.1
242,2,0,0
242,3,0,0
242,4,0,0
242,5,0,0
242,6,0,0
242,7,0,0
242,8,0,0
242,9,0,0
242,10,0,0
242,11,0,0
242,12,0,0
243,1,1,183.63
243,2,0,0
243,3,0,0
243,4,0,0
243,5,0,0
243,6,0,0
243,7,0,0
243,8,0,0
243,9,0,0
243,10,0,0
243,11,0,0
243,12,0,0
244,1,1,254.67
244,2,1,392.65
244,3,1,289.32
244,4,1,176.27
244,5,1,284.42
244,6,1,195.28
244,7,1,188.99
244,8,1,280.36
244,9,1,273.63
244,10,1,226.76
244,11,1,239.38
244,12,1,288.97
245,1,1,212.59
245,2,1,127.42
245,3,1,220.17
245,4,1,250.06
245,5,1,322.79
245,6,1,258.79
245,7,0,0
245,8,0,0
245,9,0,0
245,10,0,0
245,11,0,0
245,12,0,0
246,1,1,185.32
246,2,0,0
246,3,0,0
246,4,0,0
246,5,0,0
246,6,0,0
246,7,0,0
246,8,0,0
246,9,0,0
246,10,0,0
246,11,0,0
246,12,0,0
247,1,1,86.03
247,2,1,123.65
247,3,1,216.93
247,4,0,0
247,5,0,0
247,6,0,0
247,7,0,0
247,8,0,0
247,9,0,0
247,10,0,0
247,11,0,0
247,12,0,0
248,1,1,209.46
248,2,1,234.65
248,3,1,222.29
248,4,1,229.53
248,5,0,0
248,6,0,0
248,7,0,0
248,8,0,0
248,9,0,0
248,10,0,0
248,11,0,0
248,12,0,0
249,1,1,211.47
249,2,1,326.82
249,3,1,238.51
249,4,1,204.3
249,5,1,213.81
249,6,1,207.99
249,7,1,129.38
249,8,1,141.43
249,9,1,169.73
249,10,0,0
249,11,0,0
249,12,0,0
250,1,1,345.69
250,2,1,259.45
250,3,1,247.43
250,4,1,209.64
250,5,1,119.15
250,6,1,155.51
250,7,1,179.06
250,8,1,169.85
250,9,1,226.17
250,10,1,214.97
250,11,1,152.95
250,12,1,164.98
251,1,1,192.67
251,2,0,0
251,3,0,0
251,4,0,0
251,5,1,151.36
251,6,1,202.1
251,7,1,117.33
251,8,1,206.16
251,9,1,288.69
251,10,1,343.67
251,11,1,288.91
251,12,1,224.88
252,1,1,214.23
252,2,1,323.32
252,3,1,227.85
252,4,1,184.62
252,5,1,198.08
252,6,1,217.85
252,7,1,260.48
252,8,1,165.59
252,9,1,176.81
252,10,0,0
252,11,0,0
252,12,0,0
253,1,1,182.2
253,2,0,0
253,3,0,0
253,4,0,0
253,5,0,0
253,6,0,0
253,7,0,0
253,8,0,0
253,9,0,0
253,10,0,0
253,11,0,0
253,12,0,0
254,1,1,343.71
254,2,1,330.76
254,3,1,229.81
254,4,1,228.1
254,5,1,301.02
254,6,1,292.79
254,7,1,307.92
254,8,1,286.5
254,9,1,204.91
254,10,1,339.06
254,11,1,297.37
254,12,1,292.46
255,1,1,140.23
255,2,1,217.35
255,3,1,217.65
255,4,1,197.52
255,5,1,237.57
255,6,1,329.64
255,7,1,282.24
255,8,1,242.97
255,9,0,0
255,10,0,0
255,11,0,0
255,12,0,0
256,1,1,83.14
256,2,0,0
256,3,0,0
256,4,0,0
256,5,0,0
256,6,0,0
256,7,0,0
256,8,0,0
256,9,0,0
256,10,0,0
256,11,0,0
256,12,1,157.52
257,1,1,231.87
257,2,1,217.27
257,3,1,218.28
257,4,1,385.79
257,5,1,299.81
257,6,0,0
257,7,0,0
257,8,0,0
257,9,0,0
257,10,0,0
257,11,0,0
257,12,0,0
258,1,1,221.96
258,2,1,279.72
258,3,1,258
258,4,1,310.57
258,5,1,279.34
258,6,1,404.65
258,7,1,287.22
258,8,0,0
258,9,0,0
258,10,1,114.31
258,11,0,0
258,12,0,0
259,1,1,178.48
259,2,1,148.57
259,3,1,195.58
259,4,0,0
259,5,0,0
259,6,0,0
259,7,0,0
259,8,1,99.16
259,9,0,0
259,10,0,0
259,11,1,89.53
259,12,1,198.51
260,1,1,92.39
260,2,0,0
260,3,0,0
260,4,0,0
260,5,0,0
260,6,0,0
260,7,0,0
260,8,0,0
260,9,0,0
260,10,0,0
260,11,0,0
260,12,0,0
261,1,1,234.8
261,2,1,221.99
261,3,1,290.25
261,4,1,363.25
261,5,1,222.2
261,6,1,215.25
261,7,0,0
261,8,0,0
261,9,0,0
261,10,0,0
261,11,0,0
261,12,0,0
262,1,1,199.63
262,2,1,146.96
262,3,1,172.45
262,4,0,0
262,5,0,0
262,6,0,0
262,7,0,0
262,8,0,0
262,9,0,0
262,10,0,0
262,11,0,0
262,12,0,0
263,1,1,55.61
263,2,1,165.05
263,3,1,159.19
263,4,1,270.94
263,5,1,207.63
263,6,0,0
263,7,0,0
263,8,0,0
263,9,1,111.88
263,10,1,208.95
263,11,1,331.76
263,12,1,407.79
264,1,1,347.7
264,2,1,216.63
264,3,1,232.8
264,4,1,381.38
264,5,1,263.55
264,6,1,348.25
264,7,1,266.04
264,8,1,242.71
264,9,1,296.32
264,10,1,453.11
264,11,1,276.74
264,12,0,0
265,1,1,198.39
265,2,1,185.54
265,3,1,232.85
265,4,1,269.26
265,5,1,258.58
265,6,1,212.32
265,7,0,0
265,8,0,0
265,9,0,0
265,10,0,0
265,11,0,0
265,12,0,0
266,1,1,130.33
266,2,0,0
266,3,0,0
266,4,0,0
266,5,0,0
266,6,0,0
266,7,0,0
266,8,1,159.33
266,9,1,226.53
266,10,1,242.56
266,11,1,232.47
266,12,1,202.2
267,1,1,40.12
267,2,1,181.78
267,3,1,220.62
267,4,1,148.72
267,5,1,187.76
267,6,0,0
267,7,0,0
267,8,0,0
267,9,0,0
267,10,0,0
267,11,0,0
267,12,0,0
268,1,1,206.55
268,2,1,183.96
268,3,1,178
268,4,1,188.58
268,5,1,333.32
268,6,1,467.36
268,7,1,370.48
268,8,1,162.37
268,9,1,151.23
268,10,0,0
268,11,0,0
268,12,0,0
269,1,1,305.2
269,2,1,237.23
269,3,1,357.54
269,4,1,278.05
269,5,1,196.65
269,6,1,245.16
269,7,1,289.71
269,8,1,358.6
269,9,1,319.69
269,10,1,353.79
269,11,1,331.87
269,12,1,243.55
270,1,1,137.9
270,2,1,143.5
270,3,1,216.63
270,4,1,354.59
270,5,1,236.89
270,6,1,318.97
270,7,1,365.2
270,8,1,257.95
270,9,1,333.34
270,10,1,457.45
270,11,1,312.05
270,12,1,424.2
271,1,1,175.22
271,2,1,262.1
271,3,1,328.47
271,4,1,282.11
271,5,1,252.88
271,6,1,196.13
271,7,1,176.84
271,8,1,225.06
271,9,1,297.17
271,10,1,277.64
271,11,1,200.53
271,12,1,226.87
272,1,1,228.48
272,2,0,0
272,3,0,0
272,4,0,0
272,5,0,0
272,6,0,0
272,7,0,0
272,8,0,0
272,9,0,0
272,10,0,0
272,11,0,0
272,12,0,0
273,1,1,271.09
273,2,1,245.5
273,3,1,278.99
273,4,1,202
273,5,1,184.64
273,6,1,176.36
273,7,1,281.71
273,8,1,212.65
273,9,1,177.57
273,10,0,0
273,11,0,0
273,12,0,0
274,1,1,171.01
274,2,1,170.58
274,3,1,297.89
274,4,1,207.58
274,5,1,278.32
274,6,1,276.35
274,7,1,379.94
274,8,1,303.03
274,9,1,285.01
274,10,1,421.93
274,11,1,292.26
274,12,1,405.1
275,1,1,183.44
275,2,0,0
275,3,0,0
275,4,0,0
275,5,0,0
275,6,0,0
275,7,1,71.38
275,8,1,105.55
275,9,1,121.1
275,10,0,0
275,11,0,0
275,12,0,0
276,1,1,317.11
276,2,1,302.93
276,3,1,288.66
276,4,1,235.34
276,5,1,260.34
276,6,1,202.69
276,7,1,210.27
276,8,1,317.44
276,9,1,313.69
276,10,1,381.7
276,11,1,352.69
276,12,1,302.04
277,1,1,291.82
277,2,1,362.09
277,3,1,514.93
277,4,1,382.75
277,5,1,251.31
277,6,1,294.86
277,7,1,292.06
277,8,1,384.83
277,9,1,312.31
277,10,1,429.55
277,11,1,388.03
277,12,1,502.27
278,1,1,117.51
278,2,0,0
278,3,0,0
278,4,0,0
278,5,0,0
278,6,0,0
278,7,0,0
278,8,0,0
278,9,0,0
278,10,0,0
278,11,0,0
278,12,1,92.46
279,1,1,223.08
279,2,1,179.77
279,3,1,233.15
279,4,1,173.28
279,5,1,234.13
279,6,1,139.38
279,7,0,0
279,8,0,0
279,9,0,0
279,10,0,0
279,11,0,0
279,12,0,0
280,1,1,240.05
280,2,1,348.35
280,3,1,217.24
280,4,1,181.95
280,5,1,145.57
280,6,1,256.96
280,7,1,184.51
280,8,1,210.69
280,9,1,158.12
280,10,1,120.23
280,11,1,176.4
280,12,1,176.56
281,1,1,244.36
281,2,1,219.32
281,3,1,247.49
281,4,1,202.21
281,5,0,0
281,6,1,108.74
281,7,1,186.42
281,8,1,183.36
281,9,0,0
281,10,1,131.92
281,11,1,173.27
281,12,0,0
282,1,1,140.71
282,2,1,204.52
282,3,1,301.19
282,4,1,269.06
282,5,1,348.92
282,6,1,245.01
282,7,1,337.29
282,8,1,240.77
282,9,0,0
282,10,0,0
282,11,0,0
282,12,0,0
283,1,1,241.35
283,2,0,0
283,3,0,0
283,4,0,0
283,5,0,0
283,6,0,0
283,7,0,0
283,8,0,0
283,9,0,0
283,10,0,0
283,11,0,0
283,12,0,0
284,1,1,163.72
284,2,0,0
284,3,0,0
284,4,0,0
284,5,0,0
284,6,0,0
284,7,0,0
284,8,0,0
284,9,0,0
284,10,0,0
284,11,1,143.79
284,12,0,0
285,1,1,137.34
285,2,0,0
285,3,0,0
285,4,0,0
285,5,0,0
285,6,0,0
285,7,0,0
285,8,0,0
285,9,0,0
285,10,0,0
285,11,0,0
285,12,0,0
286,1,1,258.42
286,2,1,232.62
286,3,1,221.82
286,4,1,194.62
286,5,0,0
286,6,0,0
286,7,1,83.31
286,8,0,0
286,9,0,0
286,10,0,0
286,11,0,0
286,12,0,0
287,1,1,316.11
287,2,1,216.59
287,3,1,214.41
287,4,1,298.66
287,5,1,243.51
287,6,1,312.89
287,7,1,214.99
287,8,1,191.56
287,9,1,216.78
287,10,1,330.88
287,11,1,162.39
287,12,1,248.75
288,1,1,315.84
288,2,1,194.63
288,3,1,183.43
288,4,0,0
288,5,0,0
288,6,0,0
288,7,0,0
288,8,0,0
288,9,0,0
288,10,0,0
288,11,0,0
288,12,0,0
289,1,1,261.82
289,2,1,211.55
289,3,1,279.58
289,4,1,153.69
289,5,0,0
289,6,0,0
289,7,0,0
289,8,0,0
289,9,0,0
289,10,0,0
289,11,0,0
289,12,0,0
290,1,1,207.38
290,2,1,185.44
290,3,1,268.74
290,4,1,406.36
290,5,1,319.88
290,6,1,287.8
290,7,1,242.57
290,8,0,0
290,9,0,0
290,10,0,0
290,11,0,0
290,12,0,0
291,1,1,367.11
291,2,1,461.21
291,3,1,309.84
291,4,1,219.86
291,5,1,305.97
291,6,1,256.92
291,7,1,235.83
291,8,1,170.05
291,9,1,224.45
291,10,1,307.64
291,11,0,0
291,12,0,0
292,1,1,169.31
292,2,1,266.64
292,3,1,219.16
292,4,1,185.11
292,5,1,292.11
292,6,1,200.59
292,7,1,269.82
292,8,0,0
292,9,0,0
292,10,0,0
292,11,0,0
292,12,0,0
293,1,1,148.84
293,2,0,0
293,3,0,0
293,4,0,0
293,5,0,0
293,6,0,0
293,7,0,0
293,8,0,0
293,9,0,0
293,10,0,0
293,11,0,0
293,12,0,0
294,1,1,123.97
294,2,1,160.41
294,3,1,160.95
294,4,0,0
294,5,0,0
294,6,0,0
294,7,0,0
294,8,0,0
294,9,0,0
294,10,0,0
294,11,0,0
294,12,0,0
295,1,1,305.32
295,2,1,291.52
295,3,0,0
295,4,0,0
295,5,0,0
295,6,0,0
295,7,0,0
295,8,1,157.02
295,9,1,303.23
295,10,1,283.72
295,11,1,327.64
295,12,1,248.04
296,1,1,244.77
296,2,0,0
296,3,0,0
296,4,0,0
296,5,0,0
296,6,0,0
296,7,0,0
296,8,1,117.21
296,9,0,0
296,10,0,0
296,11,0,0
296,12,0,0
297,1,1,231.7
297,2,1,230.73
297,3,1,278.13
297,4,1,396.24
297,5,1,380.04
297,6,1,316.2
297,7,1,443.25
297,8,1,551
297,9,1,364.82
297,10,1,247.94
297,11,1,232.18
297,12,0,0
298,1,1,235.13
298,2,1,230.43
298,3,0,0
298,4,0,0
298,5,0,0
298,6,1,110.47
298,7,1,135.69
298,8,1,171.26
298,9,1,195.4
298,10,1,179.19
298,11,1,139.52
298,12,0,0
299,1,1,156.43
299,2,1,216.17
299,3,1,170.41
299,4,1,297.13
299,5,1,190.97
299,6,1,140.73
299,7,1,205.03
299,8,0,0
299,9,0,0
299,10,0,0
299,11,0,0
299,12,0,0
300,1,1,230.97
300,2,1,203.1
300,3,1,154.38
300,4,1,183.93
300,5,1,215.14
300,6,0,0
300,7,0,0
300,8,0,0
300,9,0,0
300,10,0,0
300,11,0,0
300,12,0,0
301,1,1,179.81
301,2,0,0
301,3,0,0
301,4,0,0
301,5,0,0
301,6,0,0
301,7,0,0
301,8,0,0
301,9,0,0
301,10,0,0
301,11,0,0
301,12,0,0
302,1,1,253.63
302,2,0,0
302,3,0,0
302,4,0,0
302,5,0,0
302,6,0,0
302,7,0,0
302,8,0,0
302,9,0,0
302,10,0,0
302,11,0,0
302,12,0,0
303,1,1,95.8
303,2,0,0
303,3,0,0
303,4,0,0
303,5,0,0
303,6,0,0
303,7,0,0
303,8,0,0
303,9,0,0
303,10,0,0
303,11,0,0
303,12,0,0
304,1,1,258.86
304,2,1,275.52
304,3,1,340.96
304,4,1,224.05
304,5,0,0
304,6,0,0
304,7,0,0
304,8,0,0
304,9,0,0
304,10,0,0
304,11,0,0
304,12,0,0
305,1,1,121.15
305,2,0,0
305,3,0,0
305,4,0,0
305,5,0,0
305,6,0,0
305,7,0,0
305,8,0,0
305,9,0,0
305,10,0,0
305,11,0,0
305,12,0,0
306,1,1,69.65
306,2,0,0
306,3,0,0
306,4,0,0
306,5,0,0
306,6,0,0
306,7,1,157.23
306,8,1,151.53
306,9,1,222.65
306,10,1,210.61
306,11,0,0
306,12,0,0
307,1,1,155.99
307,2,0,0
307,3,0,0
307,4,1,132.76
307,5,1,205.93
307,6,1,210.27
307,7,1,197.85
307,8,1,313.05
307,9,1,270.05
307,10,1,386.31
307,11,1,247.79
307,12,1,213.62
308,1,1,224.32
308,2,1,186.59
308,3,1,195.02
308,4,1,255.15
308,5,1,258.6
308,6,1,164.63
308,7,0,0
308,8,0,0
308,9,0,0
308,10,0,0
308,11,0,0
308,12,1,148.23
309,1,1,301.04
309,2,1,209.41
309,3,1,252.63
309,4,1,194.56
309,5,0,0
309,6,0,0
309,7,0,0
309,8,0,0
309,9,0,0
309,10,0,0
309,11,0,0
309,12,0,0
310,1,1,215.66
310,2,1,184.98
310,3,1,181.6
310,4,1,207.19
310,5,0,0
310,6,0,0
310,7,0,0
310,8,0,0
310,9,0,0
310,10,0,0
310,11,0,0
310,12,0,0
311,1,1,168.48
311,2,0,0
311,3,0,0
311,4,0,0
311,5,0,0
311,6,0,0
311,7,0,0
311,8,1,143.55
311,9,1,243.99
311,10,1,322.73
311,11,1,349.29
311,12,1,406.81
312,1,1,131.94
312,2,0,0
312,3,0,0
312,4,0,0
312,5,0,0
312,6,1,146.95
312,7,1,228.9
312,8,0,0
312,9,0,0
312,10,0,0
312,11,0,0
312,12,0,0
313,1,1,280.91
313,2,1,357.12
313,3,1,195.55
313,4,1,148.36
313,5,0,0
313,6,0,0
313,7,0,0
313,8,0,0
313,9,0,0
313,10,0,0
313,11,0,0
313,12,0,0
314,1,1,170.79
314,2,0,0
314,3,0,0
314,4,0,0
314,5,0,0
314,6,0,0
314,7,1,117.57
314,8,1,197.09
314,9,1,310.73
314,10,1,425.82
314,11,1,292.68
314,12,1,240.11
315,1,1,241.52
315,2,1,219.3
315,3,1,296.67
315,4,0,0
315,5,0,0
315,6,0,0
315,7,0,0
315,8,0,0
315,9,0,0
315,10,0,0
315,11,0,0
315,12,0,0
316,1,1,162.11
316,2,1,248.56
316,3,1,270.97
316,4,1,165.8
316,5,1,189.26
316,6,1,261.38
316,7,1,362.38
316,8,1,495.05
316,9,1,237.13
316,10,1,194.4
316,11,1,211.5
316,12,1,383.9
317,1,1,133.86
317,2,0,0
317,3,0,0
317,4,0,0
317,5,0,0
317,6,0,0
317,7,0,0
317,8,0,0
317,9,0,0
317,10,0,0
317,11,0,0
317,12,0,0
318,1,1,301.39
318,2,1,339.98
318,3,0,0
318,4,0,0
318,5,0,0
318,6,0,0
318,7,0,0
318,8,0,0
318,9,1,76.71
318,10,1,129.9
318,11,1,104.9
318,12,0,0
319,1,1,249.15
319,2,1,305.98
319,3,1,379.28
319,4,1,277.17
319,5,1,169.13
319,6,1,125.18
319,7,1,251.49
319,8,0,0
319,9,0,0
319,10,0,0
319,11,0,0
319,12,1,74.31
320,1,1,198.32
320,2,1,161.22
320,3,1,144.86
320,4,1,182.13
320,5,0,0
320,6,0,0
320,7,0,0
320,8,0,0
320,9,0,0
320,10,1,87.95
320,11,1,184.61
320,12,1,220.98
321,1,1,171.84
321,2,1,246.53
321,3,1,158.1
321,4,1,156.99
321,5,0,0
321,6,0,0
321,7,0,0
321,8,0,0
321,9,0,0
321,10,0,0
321,11,0,0
321,12,0,0
322,1,1,201.88
322,2,0,0
322,3,0,0
322,4,0,0
322,5,0,0
322,6,0,0
322,7,0,0
322,8,0,0
322,9,0,0
322,10,0,0
322,11,0,0
322,12,0,0
323,1,1,220.4
323,2,1,339.99
323,3,1,426.49
323,4,1,277.31
323,5,1,287.98
323,6,1,403.19
323,7,1,234.81
323,8,1,195.05
323,9,0,0
323,10,1,73.02
323,11,0,0
323,12,0,0
324,1,1,203.33
324,2,1,334.39
324,3,1,221.31
324,4,0,0
324,5,0,0
324,6,0,0
324,7,0,0
324,8,0,0
324,9,0,0
324,10,0,0
324,11,0,0
324,12,0,0
325,1,1,174
325,2,1,236.19
325,3,1,294.69
325,4,1,428.92
325,5,1,247.73
325,6,1,399.07
325,7,1,390.84
325,8,1,311.89
325,9,1,241.11
325,10,1,236.2
325,11,1,234.32
325,12,1,384.16
326,1,1,272.43
326,2,1,145.83
326,3,0,0
326,4,0,0
326,5,0,0
326,6,0,0
326,7,0,0
326,8,0,0
326,9,0,0
326,10,0,0
326,11,0,0
326,12,0,0
327,1,1,73.66
327,2,1,157.05
327,3,0,0
327,4,0,0
327,5,0,0
327,6,0,0
327,7,0,0
327,8,0,0
327,9,0,0
327,10,0,0
327,11,0,0
327,12,0,0
328,1,1,299.17
328,2,1,318.12
328,3,1,353.29
328,4,1,308.63
328,5,1,250.6
328,6,1,426
328,7,1,573.82
328,8,1,443.37
328,9,1,267.88
328,10,1,276.32
328,11,0,0
328,12,0,0
329,1,1,251.22
329,2,1,381.89
329,3,1,431.83
329,4,1,314.09
329,5,1,291.39
329,6,1,250.69
329,7,1,284.12
329,8,1,258.6
329,9,1,379.92
329,10,1,331.05
329,11,1,457.65
329,12,1,326.17
330,1,1,252.02
330,2,1,207.88
330,3,1,257.95
330,4,1,271.71
330,5,1,306.55
330,6,1,187.99
330,7,1,216.07
330,8,1,189.92
330,9,1,286.94
330,10,1,398.72
330,11,1,380.6
330,12,1,323.2
331,1,1,374.84
331,2,1,255.86
331,3,1,180.94
331,4,1,290.46
331,5,1,326.88
331,6,1,395.55
331,7,1,272.63
331,8,1,226.22
331,9,1,311.24
331,10,1,394.24
331,11,1,432.7
331,12,1,245.33
332,1,1,379.8
332,2,1,241.41
332,3,1,207.26
332,4,1,202.05
332,5,0,0
332,6,0,0
332,7,0,0
332,8,0,0
332,9,0,0
332,10,0,0
332,11,0,0
332,12,0,0
333,1,1,262.09
333,2,1,356.44
333,3,1,439.3
333,4,1,231.4
333,5,1,313.74
333,6,1,274.11
333,7,1,206.98
333,8,1,252.51
333,9,1,345.74
333,10,1,256.94
333,11,1,360.37
333,12,1,272.12
334,1,1,176.55
334,2,1,308.84
334,3,1,321.02
334,4,1,421.51
334,5,1,571.56
334,6,1,413.28
334,7,1,530
334,8,1,318.76
334,9,1,276.34
334,10,1,262.96
334,11,1,399.94
334,12,1,349.69
335,1,1,231.23
335,2,0,0
335,3,0,0
335,4,0,0
335,5,0,0
335,6,0,0
335,7,0,0
335,8,1,113.73
335,9,0,0
335,10,0,0
335,11,0,0
335,12,0,0
336,1,1,348.6
336,2,1,269.98
336,3,1,423.11
336,4,0,0
336,5,0,0
336,6,0,0
336,7,0,0
336,8,1,191.83
336,9,1,326.5
336,10,1,462.22
336,11,1,542.3
336,12,1,301.39
337,1,1,279.08
337,2,1,186.53
337,3,0,0
337,4,0,0
337,5,0,0
337,6,0,0
337,7,0,0
337,8,0,0
337,9,0,0
337,10,0,0
337,11,0,0
337,12,0,0
338,1,1,205.42
338,2,1,132.93
338,3,0,0
338,4,0,0
338,5,0,0
338,6,0,0
338,7,0,0
338,8,0,0
338,9,0,0
338,10,0,0
338,11,0,0
338,12,0,0
339,1,1,318.2
339,2,1,195.22
339,3,1,194.98
339,4,1,301.18
339,5,0,0
339,6,0,0
339,7,0,0
339,8,1,137.79
339,9,0,0
339,10,0,0
339,11,0,0
339,12,0,0
340,1,1,109.1
340,2,0,0
340,3,0,0
340,4,0,0
340,5,0,0
340,6,0,0
340,7,0,0
340,8,0,0
340,9,0,0
340,10,1,113.91
340,11,0,0
340,12,0,0
341,1,1,114.41
341,2,0,0
341,3,0,0
341,4,0,0
341,5,0,0
341,6,0,0
341,7,0,0
341,8,0,0
341,9,0,0
341,10,0,0
341,11,0,0
341,12,0,0
342,1,1,207.58
342,2,0,0
342,3,0,0
342,4,0,0
342,5,0,0
342,6,1,70.47
342,7,0,0
342,8,0,0
342,9,0,0
342,10,0,0
342,11,0,0
342,12,0,0
343,1,1,53.76
343,2,0,0
343,3,0,0
343,4,0,0
343,5,0,0
343,6,0,0
343,7,0,0
343,8,0,0
343,9,0,0
343,10,0,0
343,11,0,0
343,12,0,0
344,1,1,251.87
344,2,1,352.27
344,3,1,281.49
344,4,1,261.33
344,5,1,377.92
344,6,1,296.1
344,7,1,265.25
344,8,1,265.35
344,9,1,423.62
344,10,1,251.11
344,11,1,228.22
344,12,1,231.89
345,1,1,183.92
345,2,1,164.8
345,3,1,245.58
345,4,1,190.18
345,5,1,178.28
345,6,1,131.67
345,7,0,0
345,8,0,0
345,9,0,0
345,10,0,0
345,11,0,0
345,12,0,0
346,1,1,365.11
346,2,1,479.85
346,3,1,394.51
346,4,1,273.03
346,5,1,311.3
346,6,1,314.76
346,7,1,297.63
346,8,1,240.72
346,9,1,344.16
346,10,1,275.82
346,11,1,239.5
346,12,1,218.94
347,1,1,167.83
347,2,1,144.16
347,3,0,0
347,4,0,0
347,5,0,0
347,6,0,0
347,7,0,0
347,8,0,0
347,9,0,0
347,10,0,0
347,11,0,0
347,12,0,0
348,1,1,145.91
348,2,1,242.6
348,3,1,284.48
348,4,1,393.23
348,5,1,263.67
348,6,1,243.22
348,7,1,266.87
348,8,1,377.68
348,9,1,498.85
348,10,1,330.33
348,11,1,298.39
348,12,1,194.99
349,1,1,105.38
349,2,1,129.83
349,3,1,261.4
349,4,1,327.85
349,5,1,430.49
349,6,1,275.16
349,7,1,353.98
349,8,1,297.53
349,9,1,347.03
349,10,1,281.05
349,11,1,225.68
349,12,1,334.28
350,1,1,99.02
350,2,1,124.36
350,3,1,163.87
350,4,1,245.54
350,5,1,284.74
350,6,1,203.81
350,7,1,299.95
350,8,1,431.07
350,9,1,528.61
350,10,1,260.27
350,11,1,221.5
350,12,1,236.34
351,1,1,312.16
351,2,1,281.58
351,3,1,270.53
351,4,1,260.24
351,5,1,375.1
351,6,1,325.03
351,7,1,241.81
351,8,1,206.78
351,9,1,232.54
351,10,1,292.66
351,11,1,419.04
351,12,1,300.5
352,1,1,254.01
352,2,1,322.12
352,3,1,230.29
352,4,0,0
352,5,0,0
352,6,0,0
352,7,0,0
352,8,0,0
352,9,0,0
352,10,0,0
352,11,0,0
352,12,0,0
353,1,1,144.83
353,2,1,242.74
353,3,0,0
353,4,0,0
353,5,0,0
353,6,0,0
353,7,0,0
353,8,0,0
353,9,0,0
353,10,0,0
353,11,0,0
353,12,0,0
354,1,1,179.24
354,2,1,151.75
354,3,1,160.78
354,4,1,143.09
354,5,0,0
354,6,0,0
354,7,0,0
354,8,0,0
354,9,0,0
354,10,0,0
354,11,0,0
354,12,0,0
355,1,1,173.68
355,2,0,0
355,3,0,0
355,4,0,0
355,5,0,0
355,6,0,0
355,7,1,102.3
355,8,1,117.43
355,9,1,184.46
355,10,1,163.8
355,11,0,0
355,12,0,0
356,1,1,179.69
356,2,0,0
356,3,0,0
356,4,0,0
356,5,0,0
356,6,0,0
356,7,0,0
356,8,0,0
356,9,0,0
356,10,0,0
356,11,0,0
356,12,0,0
357,1,1,281.95
357,2,1,241.69
357,3,1,233.94
357,4,1,326.29
357,5,1,264.97
357,6,1,400.55
357,7,1,241.49
357,8,1,209.48
357,9,1,386.15
357,10,1,258.92
357,11,1,368.98
357,12,1,293.96
358,1,1,238.93
358,2,0,0
358,3,0,0
358,4,0,0
358,5,0,0
358,6,0,0
358,7,0,0
358,8,0,0
358,9,0,0
358,10,0,0
358,11,0,0
358,12,1,98.8
359,1,1,282.84
359,2,1,221.03
359,3,1,208.97
359,4,1,278.32
359,5,1,393.59
359,6,0,0
359,7,0,0
359,8,0,0
359,9,0,0
359,10,0,0
359,11,0,0
359,12,0,0
360,1,1,284.86
360,2,1,212.15
360,3,1,255.11
360,4,1,275.86
360,5,1,249.19
360,6,1,215
360,7,1,240.65
360,8,1,212.91
360,9,0,0
360,10,0,0
360,11,0,0
360,12,0,0
361,1,1,301.6
361,2,1,225.09
361,3,1,239.11
361,4,1,340.94
361,5,1,273.7
361,6,0,0
361,7,0,0
361,8,0,0
361,9,1,95
361,10,1,193.76
361,11,0,0
361,12,0,0
362,1,1,255.57
362,2,1,359.83
362,3,1,286.82
362,4,1,266.36
362,5,1,287.24
362,6,1,244.97
362,7,1,330.15
362,8,1,463.62
362,9,1,335.05
362,10,1,331.23
362,11,1,276.81
362,12,1,225.95
363,1,1,246.21
363,2,1,204.11
363,3,0,0
363,4,0,0
363,5,0,0
363,6,0,0
363,7,0,0
363,8,0,0
363,9,0,0
363,10,0,0
363,11,0,0
363,12,0,0
364,1,1,60.17
364,2,0,0
364,3,0,0
364,4,0,0
364,5,1,121.13
364,6,1,253.24
364,7,1,269.78
364,8,1,272.6
364,9,1,240.3
364,10,1,370.81
364,11,1,303.9
364,12,1,329.79
365,1,1,258.95
365,2,1,245.38
365,3,1,343.82
365,4,1,246.85
365,5,0,0
365,6,0,0
365,7,1,122.58
365,8,0,0
365,9,0,0
365,10,0,0
365,11,0,0
365,12,0,0
366,1,1,217.83
366,2,1,279.68
366,3,1,402.11
366,4,1,350.43
366,5,1,311.88
366,6,1,307.56
366,7,1,414.22
366,8,1,491.68
366,9,1,276.54
366,10,1,292.24
366,11,1,286.54
366,12,1,237.85
367,1,1,222.27
367,2,0,0
367,3,0,0
367,4,0,0
367,5,0,0
367,6,0,0
367,7,0,0
367,8,0,0
367,9,0,0
367,10,0,0
367,11,0,0
367,12,0,0
368,1,1,209.36
368,2,1,150.95
368,3,1,236.88
368,4,0,0
368,5,0,0
368,6,0,0
368,7,0,0
368,8,0,0
368,9,0,0
368,10,1,166.49
368,11,1,184.8
368,12,1,257.87
369,1,1,88.99
369,2,0,0
369,3,0,0
369,4,0,0
369,5,0,0
369,6,0,0
369,7,0,0
369,8,0,0
369,9,0,0
369,10,0,0
369,11,0,0
369,12,0,0
370,1,1,155.16
370,2,1,262.31
370,3,1,172.7
370,4,1,173.93
370,5,0,0
370,6,0,0
370,7,0,0
370,8,0,0
370,9,0,0
370,10,0,0
370,11,0,0
370,12,0,0
371,1,1,158.49
371,2,1,287.83
371,3,1,325.44
371,4,1,272.88
371,5,1,294.78
371,6,0,0
371,7,0,0
371,8,0,0
371,9,0,0
371,10,0,0
371,11,0,0
371,12,0,0
372,1,1,123.07
372,2,1,316.81
372,3,1,319.04
372,4,1,501.67
372,5,1,632.24
372,6,1,453.09
372,7,1,444.5
372,8,1,351.7
372,9,1,275.94
372,10,1,344.36
372,11,1,367.48
372,12,1,323.56
373,1,1,347.7
373,2,1,266.63
373,3,1,399.35
373,4,1,293.18
373,5,1,429.3
373,6,1,294.65
373,7,1,427.97
373,8,1,263.85
373,9,1,378.51
373,10,1,300.52
373,11,0,0
373,12,0,0
374,1,1,211.55
374,2,1,199.33
374,3,0,0
374,4,0,0
374,5,0,0
374,6,0,0
374,7,1,135.91
374,8,0,0
374,9,0,0
374,10,0,0
374,11,0,0
374,12,0,0
375,1,1,240.25
375,2,1,331.83
375,3,1,247.63
375,4,1,353.96
375,5,1,438.86
375,6,1,262.9
375,7,0,0
375,8,1,82.87
375,9,0,0
375,10,0,0
375,11,0,0
375,12,0,0
376,1,1,263.9
376,2,1,369.93
376,3,1,433.92
376,4,1,349.55
376,5,1,282.17
376,6,0,0
376,7,0,0
376,8,0,0
376,9,0,0
376,10,1,161.03
376,11,0,0
376,12,0,0
377,1,1,101.23
377,2,0,0
377,3,0,0
377,4,0,0
377,5,0,0
377,6,0,0
377,7,0,0
377,8,0,0
377,9,0,0
377,10,0,0
377,11,0,0
377,12,0,0
378,1,1,150.55
378,2,1,313.71
378,3,1,272.37
378,4,1,357.08
378,5,1,485.19
378,6,1,653.16
378,7,1,362.04
378,8,0,0
378,9,0,0
378,10,0,0
378,11,0,0
378,12,0,0
379,1,1,389.43
379,2,1,233.33
379,3,1,301.48
379,4,1,277.91
379,5,1,210.62
379,6,1,228.23
379,7,0,0
379,8,0,0
379,9,0,0
379,10,0,0
379,11,0,0
379,12,0,0
380,1,1,210.87
380,2,1,261.29
380,3,1,174.13
380,4,1,219.88
380,5,1,206.05
380,6,1,219.67
380,7,1,225.62
380,8,1,178.92
380,9,1,153.74
380,10,1,214.49
380,11,1,244.11
380,12,1,311.68
381,1,1,100.23
381,2,1,131.39
381,3,1,154.86
381,4,1,227.64
381,5,0,0
381,6,0,0
381,7,0,0
381,8,0,0
381,9,0,0
381,10,0,0
381,11,0,0
381,12,0,0
382,1,1,185.32
382,2,0,0
382,3,0,0
382,4,0,0
382,5,0,0
382,6,0,0
382,7,0,0
382,8,0,0
382,9,0,0
382,10,1,86.7
382,11,1,192.35
382,12,1,235.84
383,1,1,126.69
383,2,1,213.63
383,3,1,225.06
383,4,1,299.97
383,5,1,248.78
383,6,1,238.16
383,7,1,324.6
383,8,1,425.02
383,9,1,360.63
383,10,1,247.76
383,11,1,277.3
383,12,1,206.73
384,1,1,327.31
384,2,1,293.62
384,3,1,269.1
384,4,1,183.69
384,5,1,213.2
384,6,0,0
384,7,0,0
384,8,0,0
384,9,0,0
384,10,0,0
384,11,0,0
384,12,0,0
385,1,1,267.32
385,2,1,227.31
385,3,1,210.11
385,4,1,278.9
385,5,0,0
385,6,0,0
385,7,0,0
385,8,0,0
385,9,0,0
385,10,0,0
385,11,0,0
385,12,0,0
386,1,1,111.55
386,2,1,171.72
386,3,0,0
386,4,0,0
386,5,0,0
386,6,1,61.08
386,7,0,0
386,8,0,0
386,9,0,0
386,10,0,0
386,11,0,0
386,12,0,0
387,1,1,144.95
387,2,1,300.01
387,3,1,442.82
387,4,1,612.81
387,5,1,350.97
387,6,1,289.09
387,7,1,263.31
387,8,1,318.97
387,9,1,420.41
387,10,1,544.12
387,11,1,309.04
387,12,1,439.26
388,1,1,249.76
388,2,1,301.53
388,3,1,389.78
388,4,1,360.04
388,5,1,246.87
388,6,1,232.67
388,7,1,223.21
388,8,1,175.42
388,9,1,232.01
388,10,1,331.21
388,11,1,241.93
388,12,1,213.82
389,1,1,224.65
389,2,1,350.63
389,3,1,434.99
389,4,1,315.46
389,5,1,255.67
389,6,0,0
389,7,1,106.42
389,8,1,150.69
389,9,1,235.69
389,10,1,178.5
389,11,0,0
389,12,0,0
390,1,1,265.27
390,2,1,261.91
390,3,0,0
390,4,1,139.05
390,5,1,324.9
390,6,1,355.28
390,7,1,250.7
390,8,1,270.6
390,9,0,0
390,10,0,0
390,11,0,0
390,12,0,0
391,1,1,247.37
391,2,1,289.88
391,3,1,257.05
391,4,1,218.22
391,5,1,186.47
391,6,1,188.67
391,7,1,184.57
391,8,0,0
391,9,0,0
391,10,0,0
391,11,0,0
391,12,0,0
392,1,1,261.75
392,2,1,229.46
392,3,0,0
392,4,1,160.37
392,5,1,196.5
392,6,1,236.78
392,7,1,226.23
392,8,1,339.44
392,9,1,429.2
392,10,1,527.52
392,11,1,331.13
392,12,1,282.81
393,1,1,76.59
393,2,1,177.89
393,3,0,0
393,4,0,0
393,5,0,0
393,6,0,0
393,7,0,0
393,8,0,0
393,9,0,0
393,10,0,0
393,11,0,0
393,12,0,0
394,1,1,263.94
394,2,1,225.12
394,3,1,357.46
394,4,1,318.41
394,5,1,240.41
394,6,1,277.09
394,7,1,194.09
394,8,1,279.38
394,9,1,411.48
394,10,1,273.27
394,11,0,0
394,12,0,0
395,1,1,179.07
395,2,1,152.01
395,3,1,147.98
395,4,1,224.34
395,5,1,182.8
395,6,1,181.62
395,7,1,184.71
395,8,1,288.08
395,9,1,377.43
395,10,1,250.32
395,11,1,264.25
395,12,0,0
396,1,1,272.11
396,2,1,288.87
396,3,1,194.56
396,4,1,193.37
396,5,1,176.82
396,6,0,0
396,7,0,0
396,8,0,0
396,9,0,0
396,10,0,0
396,11,0,0
396,12,0,0
397,1,1,107.62
397,2,0,0
397,3,0,0
397,4,0,0
397,5,0,0
397,6,0,0
397,7,0,0
397,8,0,0
397,9,0,0
397,10,0,0
397,11,0,0
397,12,0,0
398,1,1,267.04
398,2,1,313.91
398,3,1,201.33
398,4,1,148.74
398,5,0,0
398,6,0,0
398,7,0,0
398,8,0,0
398,9,0,0
398,10,0,0
398,11,0,0
398,12,0,0
399,1,1,271.46
399,2,1,402.75
399,3,1,296.42
399,4,1,215.69
399,5,1,351.86
399,6,1,283.55
399,7,1,215.19
399,8,1,231.16
399,9,0,0
399,10,1,137.67
399,11,0,0
399,12,0,0
400,1,1,120.57
400,2,1,181.03
400,3,0,0
400,4,0,0
400,5,0,0
400,6,0,0
400,7,0,0
400,8,0,0
400,9,0,0
400,10,0,0
400,11,0,0
400,12,0,0
401,1,1,212.97
401,2,1,162.11
401,3,0,0
401,4,0,0
401,5,1,100.42
401,6,1,202
401,7,1,163.48
401,8,1,156.6
401,9,1,233.75
401,10,1,237.17
401,11,1,338.22
401,12,1,298.78
402,1,1,216.67
402,2,1,319.75
402,3,1,448.6
402,4,1,530.58
402,5,1,372.8
402,6,1,320.4
402,7,1,367.17
402,8,1,449.07
402,9,1,228.91
402,10,1,305.99
402,11,1,281.59
402,12,1,295.88
403,1,1,174.09
403,2,1,124.32
403,3,1,165.01
403,4,1,250.24
403,5,0,0
403,6,0,0
403,7,0,0
403,8,0,0
403,9,0,0
403,10,0,0
403,11,0,0
403,12,0,0
404,1,1,287.98
404,2,1,276.1
404,3,1,406.18
404,4,1,300.09
404,5,1,396.32
404,6,1,325.99
404,7,1,286.48
404,8,1,383.02
404,9,1,275.45
404,10,1,425.12
404,11,1,283.82
404,12,1,328.87
405,1,1,257.67
405,2,0,0
405,3,0,0
405,4,0,0
405,5,0,0
405,6,0,0
405,7,0,0
405,8,0,0
405,9,0,0
405,10,0,0
405,11,0,0
405,12,0,0
406,1,1,277.52
406,2,1,215.64
406,3,1,236.1
406,4,1,346.09
406,5,1,259.25
406,6,1,260.28
406,7,1,332.12
406,8,0,0
406,9,0,0
406,10,0,0
406,11,0,0
406,12,0,0
407,1,1,176.44
407,2,1,252.22
407,3,1,316.43
407,4,1,308.93
407,5,1,237.2
407,6,0,0
407,7,0,0
407,8,0,0
407,9,0,0
407,10,0,0
407,11,0,0
407,12,0,0
408,1,1,252.61
408,2,1,369.98
408,3,1,305.02
408,4,1,232.21
408,5,1,329.92
408,6,1,243.86
408,7,1,242.8
408,8,1,306.05
408,9,1,285.36
408,10,1,432.29
408,11,1,336.01
408,12,1,331.45
409,1,1,157.89
409,2,1,222.22
409,3,1,190.67
409,4,0,0
409,5,0,0
409,6,0,0
409,7,0,0
409,8,0,0
409,9,0,0
409,10,0,0
409,11,0,0
409,12,0,0
410,1,1,112.89
410,2,0,0
410,3,0,0
410,4,0,0
410,5,0,0
410,6,0,0
410,7,0,0
410,8,0,0
410,9,0,0
410,10,0,0
410,11,1,134.61
410,12,1,289.49
411,1,1,262.02
411,2,1,222.2
411,3,1,237.11
411,4,1,357.91
411,5,1,445.73
411,6,1,273.68
411,7,1,288
411,8,1,287.06
411,9,1,206.49
411,10,1,178.71
411,11,1,277.92
411,12,1,264.92
412,1,1,310.27
412,2,1,415.89
412,3,1,248.85
412,4,1,336.65
412,5,1,310.99
412,6,1,213.12
412,7,0,0
412,8,0,0
412,9,0,0
412,10,0,0
412,11,0,0
412,12,0,0
413,1,1,139.48
413,2,1,145.5
413,3,1,243.44
413,4,1,183.57
413,5,1,208.52
413,6,1,300.2
413,7,1,302.56
413,8,1,381.09
413,9,1,310.15
413,10,0,0
413,11,1,88.99
413,12,1,202.75
414,1,1,166.94
414,2,0,0
414,3,0,0
414,4,0,0
414,5,0,0
414,6,0,0
414,7,0,0
414,8,0,0
414,9,0,0
414,10,0,0
414,11,0,0
414,12,0,0
415,1,1,157.15
415,2,1,194.9
415,3,1,329.1
415,4,1,230.31
415,5,1,253.91
415,6,1,383.4
415,7,1,250.98
415,8,1,264.82
415,9,1,205.62
415,10,1,355.49
415,11,1,279.74
415,12,1,193.29
416,1,1,76.05
416,2,1,187.66
416,3,1,245.44
416,4,0,0
416,5,0,0
416,6,0,0
416,7,0,0
416,8,0,0
416,9,0,0
416,10,0,0
416,11,0,0
416,12,0,0
417,1,1,226.62
417,2,1,324.39
417,3,1,451.45
417,4,1,318.73
417,5,1,179.39
417,6,1,201.41
417,7,1,171.09
417,8,1,227.41
417,9,1,222.24
417,10,1,202.96
417,11,0,0
417,12,0,0
418,1,1,151.74
418,2,0,0
418,3,0,0
418,4,0,0
418,5,0,0
418,6,0,0
418,7,0,0
418,8,0,0
418,9,0,0
418,10,0,0
418,11,0,0
418,12,0,0
419,1,1,296.2
419,2,1,176.73
419,3,0,0
419,4,0,0
419,5,0,0
419,6,0,0
419,7,0,0
419,8,0,0
419,9,0,0
419,10,0,0
419,11,0,0
419,12,0,0
420,1,1,193.13
420,2,0,0
420,3,0,0
420,4,0,0
420,5,0,0
420,6,0,0
420,7,0,0
420,8,0,0
420,9,0,0
420,10,0,0
420,11,0,0
420,12,0,0
421,1,1,319.5
421,2,1,258.94
421,3,0,0
421,4,0,0
421,5,0,0
421,6,0,0
421,7,0,0
421,8,0,0
421,9,0,0
421,10,0,0
421,11,0,0
421,12,0,0
422,1,1,136.97
422,2,1,173.96
422,3,1,301.55
422,4,1,364.5
422,5,1,294.91
422,6,1,243.3
422,7,0,0
422,8,0,0
422,9,0,0
422,10,0,0
422,11,0,0
422,12,0,0
423,1,1,144.49
423,2,1,214.35
423,3,1,337.49
423,4,1,426.2
423,5,1,283.71
423,6,1,228.31
423,7,1,225.01
423,8,0,0
423,9,1,128.17
423,10,1,190.05
423,11,1,194.03
423,12,1,179.16
424,1,1,198.05
424,2,1,264.01
424,3,1,277.71
424,4,1,263.26
424,5,1,211.52
424,6,1,227.36
424,7,1,223.28
424,8,0,0
424,9,0,0
424,10,0,0
424,11,1,100.88
424,12,0,0
425,1,1,128.21
425,2,1,123.9
425,3,0,0
425,4,0,0
425,5,0,0
425,6,0,0
425,7,0,0
425,8,1,91.31
425,9,1,133.41
425,10,0,0
425,11,0,0
425,12,0,0
426,1,1,197.35
426,2,1,263.68
426,3,0,0
426,4,0,0
426,5,0,0
426,6,0,0
426,7,0,0
426,8,0,0
426,9,0,0
426,10,0,0
426,11,0,0
426,12,0,0
427,1,1,272.49
427,2,1,227.53
427,3,1,152.42
427,4,1,167.45
427,5,0,0
427,6,0,0
427,7,0,0
427,8,0,0
427,9,1,91.91
427,10,0,0
427,11,0,0
427,12,0,0
428,1,1,215.95
428,2,1,151.26
428,3,1,153.61
428,4,1,142.54
428,5,1,199.24
428,6,0,0
428,7,0,0
428,8,0,0
428,9,0,0
428,10,0,0
428,11,0,0
428,12,0,0
429,1,1,172.81
429,2,1,188.43
429,3,1,225.71
429,4,1,226.74
429,5,0,0
429,6,0,0
429,7,0,0
429,8,0,0
429,9,0,0
429,10,0,0
429,11,0,0
429,12,0,0
430,1,1,212.88
430,2,1,208.99
430,3,0,0
430,4,0,0
430,5,0,0
430,6,0,0
430,7,0,0
430,8,0,0
430,9,0,0
430,10,0,0
430,11,0,0
430,12,0,0
431,1,1,203.27
431,2,1,187.05
431,3,1,222.57
431,4,0,0
431,5,0,0
431,6,0,0
431,7,0,0
431,8,0,0
431,9,1,131.07
431,10,1,132.11
431,11,1,220.34
431,12,1,256
432,1,1,130.19
432,2,1,221
432,3,1,232.27
432,4,0,0
432,5,0,0
432,6,0,0
432,7,0,0
432,8,0,0
432,9,0,0
432,10,0,0
432,11,0,0
432,12,0,0
433,1,1,261.66
433,2,0,0
433,3,0,0
433,4,0,0
433,5,0,0
433,6,0,0
433,7,1,134.64
433,8,0,0
433,9,0,0
433,10,0,0
433,11,0,0
433,12,0,0
434,1,1,194.4
434,2,1,200.7
434,3,0,0
434,4,0,0
434,5,0,0
434,6,0,0
434,7,0,0
434,8,0,0
434,9,0,0
434,10,0,0
434,11,0,0
434,12,0,0
435,1,1,224.95
435,2,1,286.72
435,3,1,311.24
435,4,1,283.43
435,5,1,450.13
435,6,1,573.33
435,7,1,708.75
435,8,1,396.66
435,9,1,429.33
435,10,1,418.91
435,11,1,289.21
435,12,1,394.59
436,1,1,255.8
436,2,1,190.39
436,3,1,335.47
436,4,1,288
436,5,1,266.92
436,6,1,333.34
436,7,1,455.68
436,8,1,352.68
436,9,1,292.21
436,10,1,269.13
436,11,1,250.96
436,12,1,280.28
437,1,1,180.6
437,2,1,165.63
437,3,1,184.78
437,4,1,283.57
437,5,1,225.02
437,6,1,161.4
437,7,1,157.04
437,8,1,150.14
437,9,1,178.92
437,10,1,143.15
437,11,1,162.2
437,12,0,0
438,1,1,144.5
438,2,1,150.4
438,3,1,190.77
438,4,1,233.34
438,5,1,256.06
438,6,1,182.97
438,7,1,205.24
438,8,1,263.94
438,9,0,0
438,10,0,0
438,11,0,0
438,12,0,0
439,1,1,291.44
439,2,1,227.54
439,3,1,188.69
439,4,1,265.58
439,5,1,176.89
439,6,1,186.9
439,7,1,306.17
439,8,1,430.9
439,9,1,263.47
439,10,1,182.3
439,11,1,302.9
439,12,1,264.18
440,1,1,85.81
440,2,1,174.76
440,3,0,0
440,4,0,0
440,5,0,0
440,6,0,0
440,7,0,0
440,8,0,0
440,9,0,0
440,10,0,0
440,11,0,0
440,12,0,0
441,1,1,176.03
441,2,1,169.97
441,3,1,188.78
441,4,0,0
441,5,0,0
441,6,0,0
441,7,0,0
441,8,0,0
441,9,0,0
441,10,0,0
441,11,0,0
441,12,0,0
442,1,1,282.81
442,2,1,391.84
442,3,1,302.74
442,4,1,214.14
442,5,1,169.65
442,6,1,260.95
442,7,1,211.26
442,8,1,161.57
442,9,0,0
442,10,0,0
442,11,0,0
442,12,0,0
443,1,1,269.61
443,2,1,164.59
443,3,0,0
443,4,0,0
443,5,0,0
443,6,0,0
443,7,0,0
443,8,0,0
443,9,0,0
443,10,0,0
443,11,0,0
443,12,0,0
444,1,1,145.53
444,2,0,0
444,3,0,0
444,4,0,0
444,5,0,0
444,6,0,0
444,7,0,0
444,8,0,0
444,9,0,0
444,10,0,0
444,11,0,0
444,12,0,0
445,1,1,75.63
445,2,0,0
445,3,0,0
445,4,0,0
445,5,0,0
445,6,0,0
445,7,0,0
445,8,0,0
445,9,1,168.05
445,10,1,280.31
445,11,1,334.13
445,12,1,476.15
446,1,1,280.53
446,2,1,213.74
446,3,1,243.7
446,4,0,0
446,5,0,0
446,6,0,0
446,7,0,0
446,8,0,0
446,9,0,0
446,10,0,0
446,11,0,0
446,12,0,0
447,1,1,94.39
447,2,1,167.43
447,3,1,204.05
447,4,1,308.44
447,5,1,328
447,6,1,450.29
447,7,1,542.56
447,8,1,661.28
447,9,1,512.4
447,10,1,287.3
447,11,1,259.82
447,12,0,0
448,1,1,151.56
448,2,1,187.89
448,3,1,298.75
448,4,0,0
448,5,0,0
448,6,0,0
448,7,0,0
448,8,0,0
448,9,0,0
448,10,0,0
448,11,0,0
448,12,0,0
449,1,1,166.08
449,2,0,0
449,3,0,0
449,4,0,0
449,5,0,0
449,6,0,0
449,7,0,0
449,8,0,0
449,9,0,0
449,10,0,0
449,11,0,0
449,12,0,0
450,1,1,177.03
450,2,1,209.14
450,3,1,307.52
450,4,1,437.45
450,5,1,303.01
450,6,1,403.34
450,7,1,255.18
450,8,1,234.41
450,9,1,219.96
450,10,1,212.19
450,11,1,328.6
450,12,1,277.37
451,1,1,232.8
451,2,1,200.58
451,3,1,177.48
451,4,0,0
451,5,0,0
451,6,0,0
451,7,1,138.66
451,8,1,176.08
451,9,0,0
451,10,0,0
451,11,0,0
451,12,0,0
452,1,1,305.8
452,2,1,276.14
452,3,1,262.96
452,4,1,207.38
452,5,1,232.49
452,6,1,253.13
452,7,1,220.59
452,8,1,202.45
452,9,1,260.47
452,10,1,378.24
452,11,1,499.9
452,12,1,441.3
453,1,1,307.37
453,2,1,349.79
453,3,1,183.37
453,4,1,113.73
453,5,1,161.41
453,6,1,181.99
453,7,1,72.07
453,8,0,0
453,9,0,0
453,10,0,0
453,11,0,0
453,12,0,0
454,1,1,168.16
454,2,1,171.03
454,3,1,240.56
454,4,1,221.66
454,5,1,353.94
454,6,1,325.9
454,7,1,266.75
454,8,1,283.03
454,9,1,388.4
454,10,1,287.05
454,11,1,249.45
454,12,1,377.86
455,1,1,219.38
455,2,1,264.07
455,3,1,292.08
455,4,1,405.65
455,5,1,404.66
455,6,1,396.97
455,7,1,341.88
455,8,1,308.4
455,9,1,312.31
455,10,1,417.83
455,11,1,557.72
455,12,1,298.35
456,1,1,139.04
456,2,1,170.97
456,3,1,308.12
456,4,1,213.29
456,5,0,0
456,6,0,0
456,7,0,0
456,8,0,0
456,9,0,0
456,10,0,0
456,11,0,0
456,12,0,0
457,1,1,190.94
457,2,1,238.78
457,3,0,0
457,4,0,0
457,5,0,0
457,6,0,0
457,7,0,0
457,8,0,0
457,9,0,0
457,10,0,0
457,11,1,121.88
457,12,1,190.57
458,1,1,115.46
458,2,1,287.35
458,3,1,321.36
458,4,1,315.15
458,5,1,350.18
458,6,1,244.05
458,7,1,232.5
458,8,1,244.63
458,9,1,246.79
458,10,1,261.51
458,11,1,390.02
458,12,1,341.18
459,1,1,199.35
459,2,0,0
459,3,0,0
459,4,0,0
459,5,0,0
459,6,0,0
459,7,0,0
459,8,0,0
459,9,0,0
459,10,0,0
459,11,0,0
459,12,0,0
460,1,1,173.63
460,2,0,0
460,3,0,0
460,4,0,0
460,5,0,0
460,6,0,0
460,7,0,0
460,8,0,0
460,9,1,104.83
460,10,0,0
460,11,0,0
460,12,0,0
461,1,1,161.15
461,2,1,194.22
461,3,1,291.49
461,4,1,221.98
461,5,1,231.78
461,6,1,278.54
461,7,1,241.77
461,8,1,290.08
461,9,0,0
461,10,0,0
461,11,0,0
461,12,0,0
462,1,1,310.11
462,2,1,170.15
462,3,1,227.04
462,4,1,163.18
462,5,0,0
462,6,0,0
462,7,0,0
462,8,0,0
462,9,0,0
462,10,1,93.32
462,11,1,204.22
462,12,0,0
463,1,1,330.3
463,2,1,189.64
463,3,1,278.54
463,4,1,174.94
463,5,0,0
463,6,0,0
463,7,1,79.55
463,8,0,0
463,9,0,0
463,10,0,0
463,11,0,0
463,12,0,0
464,1,1,138.02
464,2,0,0
464,3,0,0
464,4,0,0
464,5,0,0
464,6,0,0
464,7,0,0
464,8,0,0
464,9,0,0
464,10,0,0
464,11,0,0
464,12,0,0
465,1,1,132.7
465,2,1,172.54
465,3,0,0
465,4,0,0
465,5,0,0
465,6,0,0
465,7,0,0
465,8,0,0
465,9,0,0
465,10,0,0
465,11,0,0
465,12,0,0
466,1,1,206.61
466,2,1,268.3
466,3,1,233.3
466,4,1,368.31
466,5,1,341.29
466,6,1,329.69
466,7,1,263.16
466,8,1,386.34
466,9,1,320.04
466,10,1,295.52
466,11,1,266.78
466,12,1,295.11
467,1,1,195.83
467,2,1,184.57
467,3,1,168.88
467,4,0,0
467,5,0,0
467,6,0,0
467,7,0,0
467,8,0,0
467,9,0,0
467,10,0,0
467,11,1,140.81
467,12,1,202.82
468,1,1,234.93
468,2,1,215.37
468,3,1,236.81
468,4,1,225.08
468,5,1,290.73
468,6,1,378.08
468,7,0,0
468,8,0,0
468,9,0,0
468,10,0,0
468,11,0,0
468,12,0,0
469,1,1,261.65
469,2,1,389.41
469,3,1,307.55
469,4,1,255.91
469,5,1,433.3
469,6,1,396.83
469,7,1,541.22
469,8,1,455.86
469,9,1,337.77
469,10,1,350.98
469,11,1,387.87
469,12,1,314.84
470,1,1,86.47
470,2,0,0
470,3,1,71.6
470,4,0,0
470,5,0,0
470,6,0,0
470,7,0,0
470,8,0,0
470,9,0,0
470,10,0,0
470,11,0,0
470,12,0,0
471,1,1,208.03
471,2,0,0
471,3,0,0
471,4,0,0
471,5,0,0
471,6,0,0
471,7,0,0
471,8,0,0
471,9,0,0
471,10,0,0
471,11,0,0
471,12,0,0
472,1,1,309.23
472,2,0,0
472,3,0,0
472,4,0,0
472,5,0,0
472,6,0,0
472,7,0,0
472,8,0,0
472,9,0,0
472,10,0,0
472,11,0,0
472,12,0,0
473,1,1,242.84
473,2,1,172.15
473,3,0,0
473,4,0,0
473,5,0,0
473,6,0,0
473,7,0,0
473,8,0,0
473,9,0,0
473,10,0,0
473,11,0,0
473,12,0,0
474,1,1,258.32
474,2,1,179.72
474,3,0,0
474,4,0,0
474,5,0,0
474,6,0,0
474,7,0,0
474,8,0,0
474,9,0,0
474,10,0,0
474,11,0,0
474,12,0,0
475,1,1,225.66
475,2,1,207.85
475,3,1,225.38
475,4,0,0
475,5,0,0
475,6,0,0
475,7,0,0
475,8,0,0
475,9,0,0
475,10,0,0
475,11,0,0
475,12,0,0
476,1,1,87.95
476,2,1,207.81
476,3,1,204.96
476,4,1,383.51
476,5,1,287.18
476,6,1,388.11
476,7,1,322.13
476,8,1,484
476,9,1,548.34
476,10,1,320.36
476,11,1,213.89
476,12,1,213.88
477,1,1,230.08
477,2,1,356.8
477,3,1,482.57
477,4,1,341.22
477,5,1,334.91
477,6,1,472.41
477,7,1,376.01
477,8,1,243.73
477,9,1,254.12
477,10,1,268.44
477,11,1,213.99
477,12,1,252.56
478,1,1,78.94
478,2,1,161.84
478,3,1,175.45
478,4,1,254.94
478,5,1,396.67
478,6,1,262.73
478,7,0,0
478,8,0,0
478,9,0,0
478,10,0,0
478,11,1,102.24
478,12,0,0
479,1,1,271.1
479,2,0,0
479,3,0,0
479,4,0,0
479,5,0,0
479,6,0,0
479,7,0,0
479,8,0,0
479,9,0,0
479,10,0,0
479,11,0,0
479,12,1,102.64
480,1,1,149.9
480,2,0,0
480,3,0,0
480,4,0,0
480,5,0,0
480,6,0,0
480,7,0,0
480,8,0,0
480,9,0,0
480,10,0,0
480,11,0,0
480,12,0,0
481,1,1,136.47
481,2,1,259.58
481,3,1,210.69
481,4,1,329.51
481,5,1,223.8
481,6,1,252.87
481,7,1,225.02
481,8,0,0
481,9,0,0
481,10,0,0
481,11,1,114.69
481,12,0,0
482,1,1,330.11
482,2,1,401.88
482,3,1,294.64
482,4,1,299.8
482,5,1,406.09
482,6,1,300.68
482,7,1,281.03
482,8,1,185.31
482,9,0,0
482,10,0,0
482,11,0,0
482,12,0,0
483,1,1,98.39
483,2,0,0
483,3,0,0
483,4,0,0
483,5,0,0
483,6,0,0
483,7,0,0
483,8,0,0
483,9,0,0
483,10,0,0
483,11,0,0
483,12,0,0
484,1,1,232.92
484,2,1,222.94
484,3,1,207.02
484,4,1,298.4
484,5,1,371.52
484,6,1,236.43
484,7,1,278.22
484,8,1,261.04
484,9,1,377.85
484,10,1,267.01
484,11,1,288.34
484,12,1,256.11
485,1,1,133.48
485,2,1,192.94
485,3,1,214.51
485,4,1,258.3
485,5,1,194.08
485,6,1,225.49
485,7,1,363.04
485,8,1,478.63
485,9,1,639.48
485,10,1,347.2
485,11,1,261.02
485,12,1,269.13
486,1,1,37.86
486,2,0,0
486,3,1,103.62
486,4,1,165.98
486,5,0,0
486,6,0,0
486,7,0,0
486,8,0,0
486,9,0,0
486,10,0,0
486,11,0,0
486,12,0,0
487,1,1,149.01
487,2,0,0
487,3,0,0
487,4,0,0
487,5,1,116.25
487,6,0,0
487,7,0,0
487,8,1,142.23
487,9,1,192.64
487,10,1,197.63
487,11,0,0
487,12,0,0
488,1,1,212.08
488,2,1,162.25
488,3,1,239.48
488,4,1,262.64
488,5,1,252.36
488,6,1,166.65
488,7,1,225.57
488,8,1,286.8
488,9,0,0
488,10,0,0
488,11,0,0
488,12,0,0
489,1,1,163.23
489,2,1,307.33
489,3,0,0
489,4,0,0
489,5,0,0
489,6,1,102.86
489,7,1,169.48
489,8,1,203.3
489,9,1,231.35
489,10,1,205.03
489,11,0,0
489,12,0,0
490,1,1,238.56
490,2,0,0
490,3,0,0
490,4,0,0
490,5,0,0
490,6,0,0
490,7,1,128.03
490,8,1,277.09
490,9,1,262.97
490,10,1,197.58
490,11,1,228.43
490,12,0,0
491,1,1,81.96
491,2,1,117.68
491,3,1,275.38
491,4,1,392.15
491,5,1,519.91
491,6,1,632.92
491,7,1,382.69
491,8,1,496.84
491,9,1,365.49
491,10,1,366.49
491,11,1,399.12
491,12,1,301.35
492,1,1,156.36
492,2,0,0
492,3,0,0
492,4,0,0
492,5,0,0
492,6,0,0
492,7,1,125.15
492,8,0,0
492,9,0,0
492,10,0,0
492,11,1,122.85
492,12,0,0
493,1,1,251.67
493,2,1,208.31
493,3,1,225.81
493,4,1,194.89
493,5,1,246.42
493,6,1,203.74
493,7,0,0
493,8,0,0
493,9,0,0
493,10,0,0
493,11,0,0
493,12,0,0
494,1,1,283.76
494,2,1,234.46
494,3,1,184.94
494,4,0,0
494,5,0,0
494,6,0,0
494,7,0,0
494,8,0,0
494,9,0,0
494,10,0,0
494,11,0,0
494,12,0,0
495,1,1,365.44
495,2,1,321.88
495,3,1,289.55
495,4,1,265.45
495,5,1,330.15
495,6,1,236.82
495,7,1,429.32
495,8,1,358.14
495,9,1,446.94
495,10,1,255.77
495,11,1,222.11
495,12,1,344.66
496,1,1,190.98
496,2,0,0
496,3,0,0
496,4,0,0
496,5,0,0
496,6,0,0
496,7,0,0
496,8,0,0
496,9,0,0
496,10,0,0
496,11,0,0
496,12,0,0
497,1,1,203.04
497,2,1,264.91
497,3,1,250.57
497,4,1,283.3
497,5,1,265.17
497,6,1,213.74
497,7,1,371.78
497,8,1,531.73
497,9,1,483.18
497,10,1,362.98
497,11,1,340.1
497,12,1,291.55
498,1,1,270.93
498,2,1,243.03
498,3,1,243.25
498,4,1,236.46
498,5,0,0
498,6,0,0
498,7,0,0
498,8,0,0
498,9,0,0
498,10,0,0
498,11,0,0
498,12,0,0
499,1,1,197.88
499,2,0,0
499,3,0,0
499,4,0,0
499,5,0,0
499,6,0,0
499,7,0,0
499,8,0,0
499,9,0,0
499,10,0,0
499,11,0,0
499,12,0,0
500,1,1,238.05
500,2,1,215.05
500,3,1,191.08
500,4,0,0
500,5,0,0
500,6,0,0
500,7,0,0
500,8,0,0
500,9,0,0
500,10,0,0
500,11,0,0
500,12,0,0
